"SamplePeriod","TriggerSample","CompressedData"
"0.00000002","4878","True"
"SampleNumber","DSP_I2C0","DSP_I2C1","Clock2","Clock1","ADCout","Data0","Data1","Data2","Data3","Data4","Data5","Data6","Data7","Data8","Data9","Data10","Data11","Data12","Data13"
"0","","","1","0","034Ch","0","0","1","1","0","0","1","0","1","1","0","0","0","0"
"8","","","1","0","034Ah","0","1","0","1","0","0","1","0","1","1","0","0","0","0"
"16","","","1","0","0349h","1","0","0","1","0","0","1","0","1","1","0","0","0","0"
"24","","","1","0","034Bh","1","1","0","1","0","0","1","0","1","1","0","0","0","0"
"32","","","1","0","0347h","1","1","1","0","0","0","1","0","1","1","0","0","0","0"
"40","","","1","0","034Bh","1","1","0","1","0","0","1","0","1","1","0","0","0","0"
"48","","","1","0","0349h","1","0","0","1","0","0","1","0","1","1","0","0","0","0"
"56","","","1","0","034Ch","0","0","1","1","0","0","1","0","1","1","0","0","0","0"
"64","","","1","0","034Eh","0","1","1","1","0","0","1","0","1","1","0","0","0","0"
"72","","","1","0","034Ah","0","1","0","1","0","0","1","0","1","1","0","0","0","0"
"80","","","1","0","0349h","1","0","0","1","0","0","1","0","1","1","0","0","0","0"
"88","","","1","0","034Bh","1","1","0","1","0","0","1","0","1","1","0","0","0","0"
"104","","","1","0","0348h","0","0","0","1","0","0","1","0","1","1","0","0","0","0"
"112","","","1","0","034Ah","0","1","0","1","0","0","1","0","1","1","0","0","0","0"
"120","","","1","0","0349h","1","0","0","1","0","0","1","0","1","1","0","0","0","0"
"128","","","1","0","034Ch","0","0","1","1","0","0","1","0","1","1","0","0","0","0"
"144","","","1","0","034Eh","0","1","1","1","0","0","1","0","1","1","0","0","0","0"
"152","","","1","0","034Dh","1","0","1","1","0","0","1","0","1","1","0","0","0","0"
"160","","","1","0","034Bh","1","1","0","1","0","0","1","0","1","1","0","0","0","0"
"168","","","1","0","034Ch","0","0","1","1","0","0","1","0","1","1","0","0","0","0"
"176","","","1","0","034Ah","0","1","0","1","0","0","1","0","1","1","0","0","0","0"
"184","","","1","0","034Ch","0","0","1","1","0","0","1","0","1","1","0","0","0","0"
"192","","","1","0","034Ah","0","1","0","1","0","0","1","0","1","1","0","0","0","0"
"200","","","1","0","034Bh","1","1","0","1","0","0","1","0","1","1","0","0","0","0"
"216","","","1","0","0349h","1","0","0","1","0","0","1","0","1","1","0","0","0","0"
"232","","","1","0","034Ah","0","1","0","1","0","0","1","0","1","1","0","0","0","0"
"248","","","1","0","034Bh","1","1","0","1","0","0","1","0","1","1","0","0","0","0"
"272","","","1","0","034Dh","1","0","1","1","0","0","1","0","1","1","0","0","0","0"
"288","","","1","0","034Bh","1","1","0","1","0","0","1","0","1","1","0","0","0","0"
"296","","","1","0","0348h","0","0","0","1","0","0","1","0","1","1","0","0","0","0"
"304","","","1","0","034Eh","0","1","1","1","0","0","1","0","1","1","0","0","0","0"
"312","","","1","0","034Ah","0","1","0","1","0","0","1","0","1","1","0","0","0","0"
"320","","","1","0","0349h","1","0","0","1","0","0","1","0","1","1","0","0","0","0"
"328","","","1","0","034Ch","0","0","1","1","0","0","1","0","1","1","0","0","0","0"
"336","","","1","0","034Bh","1","1","0","1","0","0","1","0","1","1","0","0","0","0"
"344","","","1","0","034Eh","0","1","1","1","0","0","1","0","1","1","0","0","0","0"
"352","","","1","0","034Ch","0","0","1","1","0","0","1","0","1","1","0","0","0","0"
"360","","","1","0","034Ah","0","1","0","1","0","0","1","0","1","1","0","0","0","0"
"376","","","1","0","034Ch","0","0","1","1","0","0","1","0","1","1","0","0","0","0"
"384","","","1","0","0348h","0","0","0","1","0","0","1","0","1","1","0","0","0","0"
"392","","","1","0","034Ch","0","0","1","1","0","0","1","0","1","1","0","0","0","0"
"400","","","1","0","0347h","1","1","1","0","0","0","1","0","1","1","0","0","0","0"
"408","","","1","0","034Dh","1","0","1","1","0","0","1","0","1","1","0","0","0","0"
"416","","","1","0","034Ch","0","0","1","1","0","0","1","0","1","1","0","0","0","0"
"424","","","1","0","034Bh","1","1","0","1","0","0","1","0","1","1","0","0","0","0"
"432","","","1","0","034Dh","1","0","1","1","0","0","1","0","1","1","0","0","0","0"
"440","","","1","0","0349h","1","0","0","1","0","0","1","0","1","1","0","0","0","0"
"464","","","1","0","034Dh","1","0","1","1","0","0","1","0","1","1","0","0","0","0"
"472","","","1","0","0348h","0","0","0","1","0","0","1","0","1","1","0","0","0","0"
"480","","","1","0","0346h","0","1","1","0","0","0","1","0","1","1","0","0","0","0"
"488","","","1","0","0348h","0","0","0","1","0","0","1","0","1","1","0","0","0","0"
"496","","","1","0","034Ch","0","0","1","1","0","0","1","0","1","1","0","0","0","0"
"504","","","1","0","0349h","1","0","0","1","0","0","1","0","1","1","0","0","0","0"
"512","","","1","0","034Ah","0","1","0","1","0","0","1","0","1","1","0","0","0","0"
"520","","","1","0","034Bh","1","1","0","1","0","0","1","0","1","1","0","0","0","0"
"528","","","1","0","034Ch","0","0","1","1","0","0","1","0","1","1","0","0","0","0"
"536","","","1","0","034Ah","0","1","0","1","0","0","1","0","1","1","0","0","0","0"
"544","","","1","0","034Dh","1","0","1","1","0","0","1","0","1","1","0","0","0","0"
"552","","","1","0","0349h","1","0","0","1","0","0","1","0","1","1","0","0","0","0"
"560","","","1","0","034Bh","1","1","0","1","0","0","1","0","1","1","0","0","0","0"
"568","","","1","0","034Ah","0","1","0","1","0","0","1","0","1","1","0","0","0","0"
"576","","","1","0","034Ch","0","0","1","1","0","0","1","0","1","1","0","0","0","0"
"592","","","1","0","034Dh","1","0","1","1","0","0","1","0","1","1","0","0","0","0"
"616","","","1","0","0349h","1","0","0","1","0","0","1","0","1","1","0","0","0","0"
"624","","","1","0","034Ah","0","1","0","1","0","0","1","0","1","1","0","0","0","0"
"664","","","1","0","034Eh","0","1","1","1","0","0","1","0","1","1","0","0","0","0"
"672","","","1","0","0349h","1","0","0","1","0","0","1","0","1","1","0","0","0","0"
"688","","","1","0","034Ch","0","0","1","1","0","0","1","0","1","1","0","0","0","0"
"696","","","1","0","034Fh","1","1","1","1","0","0","1","0","1","1","0","0","0","0"
"704","","","1","0","034Ch","0","0","1","1","0","0","1","0","1","1","0","0","0","0"
"712","","","1","0","0349h","1","0","0","1","0","0","1","0","1","1","0","0","0","0"
"728","","","1","0","034Bh","1","1","0","1","0","0","1","0","1","1","0","0","0","0"
"736","","","1","0","034Eh","0","1","1","1","0","0","1","0","1","1","0","0","0","0"
"744","","","1","0","034Dh","1","0","1","1","0","0","1","0","1","1","0","0","0","0"
"752","","","1","0","034Eh","0","1","1","1","0","0","1","0","1","1","0","0","0","0"
"760","","","1","0","034Ch","0","0","1","1","0","0","1","0","1","1","0","0","0","0"
"768","","","1","0","034Ah","0","1","0","1","0","0","1","0","1","1","0","0","0","0"
"776","","","1","0","0348h","0","0","0","1","0","0","1","0","1","1","0","0","0","0"
"784","","","1","0","034Ah","0","1","0","1","0","0","1","0","1","1","0","0","0","0"
"792","","","1","0","034Bh","1","1","0","1","0","0","1","0","1","1","0","0","0","0"
"808","","","1","0","0349h","1","0","0","1","0","0","1","0","1","1","0","0","0","0"
"816","","","1","0","034Eh","0","1","1","1","0","0","1","0","1","1","0","0","0","0"
"824","","","1","0","034Dh","1","0","1","1","0","0","1","0","1","1","0","0","0","0"
"832","","","1","0","034Ah","0","1","0","1","0","0","1","0","1","1","0","0","0","0"
"840","","","1","0","0349h","1","0","0","1","0","0","1","0","1","1","0","0","0","0"
"848","","","1","0","034Bh","1","1","0","1","0","0","1","0","1","1","0","0","0","0"
"856","","","1","0","0346h","0","1","1","0","0","0","1","0","1","1","0","0","0","0"
"864","","","1","0","034Ch","0","0","1","1","0","0","1","0","1","1","0","0","0","0"
"872","","","1","0","0349h","1","0","0","1","0","0","1","0","1","1","0","0","0","0"
"880","","","1","0","034Ch","0","0","1","1","0","0","1","0","1","1","0","0","0","0"
"888","","","1","0","0349h","1","0","0","1","0","0","1","0","1","1","0","0","0","0"
"896","","","1","0","034Ch","0","0","1","1","0","0","1","0","1","1","0","0","0","0"
"904","","","1","0","0349h","1","0","0","1","0","0","1","0","1","1","0","0","0","0"
"912","","","1","0","034Ch","0","0","1","1","0","0","1","0","1","1","0","0","0","0"
"920","","","1","0","034Ah","0","1","0","1","0","0","1","0","1","1","0","0","0","0"
"936","","","1","0","034Ch","0","0","1","1","0","0","1","0","1","1","0","0","0","0"
"944","","","1","0","034Bh","1","1","0","1","0","0","1","0","1","1","0","0","0","0"
"968","","","1","0","034Ah","0","1","0","1","0","0","1","0","1","1","0","0","0","0"
"976","","","1","0","034Bh","1","1","0","1","0","0","1","0","1","1","0","0","0","0"
"984","","","1","0","034Ah","0","1","0","1","0","0","1","0","1","1","0","0","0","0"
"992","","","1","0","0349h","1","0","0","1","0","0","1","0","1","1","0","0","0","0"
"1000","","","1","0","0348h","0","0","0","1","0","0","1","0","1","1","0","0","0","0"
"1008","","","1","0","034Ch","0","0","1","1","0","0","1","0","1","1","0","0","0","0"
"1016","","","1","0","0348h","0","0","0","1","0","0","1","0","1","1","0","0","0","0"
"1024","","","1","0","034Ch","0","0","1","1","0","0","1","0","1","1","0","0","0","0"
"1032","","","1","0","034Bh","1","1","0","1","0","0","1","0","1","1","0","0","0","0"
"1040","","","1","0","034Ah","0","1","0","1","0","0","1","0","1","1","0","0","0","0"
"1048","","","1","0","034Ch","0","0","1","1","0","0","1","0","1","1","0","0","0","0"
"1064","","","1","0","034Bh","1","1","0","1","0","0","1","0","1","1","0","0","0","0"
"1072","","","1","0","034Ch","0","0","1","1","0","0","1","0","1","1","0","0","0","0"
"1080","","","1","0","034Ah","0","1","0","1","0","0","1","0","1","1","0","0","0","0"
"1088","","","1","0","034Eh","0","1","1","1","0","0","1","0","1","1","0","0","0","0"
"1096","","","1","0","0348h","0","0","0","1","0","0","1","0","1","1","0","0","0","0"
"1104","","","1","0","0349h","1","0","0","1","0","0","1","0","1","1","0","0","0","0"
"1112","","","1","0","034Bh","1","1","0","1","0","0","1","0","1","1","0","0","0","0"
"1120","","","1","0","0348h","0","0","0","1","0","0","1","0","1","1","0","0","0","0"
"1128","","","1","0","0349h","1","0","0","1","0","0","1","0","1","1","0","0","0","0"
"1136","","","1","0","034Bh","1","1","0","1","0","0","1","0","1","1","0","0","0","0"
"1144","","","1","0","034Ah","0","1","0","1","0","0","1","0","1","1","0","0","0","0"
"1152","","","1","0","0349h","1","0","0","1","0","0","1","0","1","1","0","0","0","0"
"1160","","","1","0","034Bh","1","1","0","1","0","0","1","0","1","1","0","0","0","0"
"1168","","","1","0","034Dh","1","0","1","1","0","0","1","0","1","1","0","0","0","0"
"1176","","","1","0","0351h","1","0","0","0","1","0","1","0","1","1","0","0","0","0"
"1184","","","1","0","034Ch","0","0","1","1","0","0","1","0","1","1","0","0","0","0"
"1192","","","1","0","034Bh","1","1","0","1","0","0","1","0","1","1","0","0","0","0"
"1200","","","1","0","0348h","0","0","0","1","0","0","1","0","1","1","0","0","0","0"
"1208","","","1","0","034Ch","0","0","1","1","0","0","1","0","1","1","0","0","0","0"
"1216","","","1","0","034Ah","0","1","0","1","0","0","1","0","1","1","0","0","0","0"
"1224","","","1","0","034Bh","1","1","0","1","0","0","1","0","1","1","0","0","0","0"
"1232","","","1","0","034Ah","0","1","0","1","0","0","1","0","1","1","0","0","0","0"
"1240","","","1","0","0348h","0","0","0","1","0","0","1","0","1","1","0","0","0","0"
"1248","","","1","0","034Bh","1","1","0","1","0","0","1","0","1","1","0","0","0","0"
"1256","","","1","0","034Ch","0","0","1","1","0","0","1","0","1","1","0","0","0","0"
"1264","","","1","0","0349h","1","0","0","1","0","0","1","0","1","1","0","0","0","0"
"1272","","","1","0","034Ah","0","1","0","1","0","0","1","0","1","1","0","0","0","0"
"1288","","","1","0","034Bh","1","1","0","1","0","0","1","0","1","1","0","0","0","0"
"1296","","","1","0","034Eh","0","1","1","1","0","0","1","0","1","1","0","0","0","0"
"1304","","","1","0","034Bh","1","1","0","1","0","0","1","0","1","1","0","0","0","0"
"1312","","","1","0","034Ch","0","0","1","1","0","0","1","0","1","1","0","0","0","0"
"1320","","","1","0","034Eh","0","1","1","1","0","0","1","0","1","1","0","0","0","0"
"1328","","","1","0","034Ah","0","1","0","1","0","0","1","0","1","1","0","0","0","0"
"1336","","","1","0","034Dh","1","0","1","1","0","0","1","0","1","1","0","0","0","0"
"1344","","","1","0","0349h","1","0","0","1","0","0","1","0","1","1","0","0","0","0"
"1352","","","1","0","0347h","1","1","1","0","0","0","1","0","1","1","0","0","0","0"
"1360","","","1","0","034Bh","1","1","0","1","0","0","1","0","1","1","0","0","0","0"
"1368","","","1","0","034Ah","0","1","0","1","0","0","1","0","1","1","0","0","0","0"
"1376","","","1","0","034Eh","0","1","1","1","0","0","1","0","1","1","0","0","0","0"
"1384","","","1","0","0347h","1","1","1","0","0","0","1","0","1","1","0","0","0","0"
"1392","","","1","0","034Ah","0","1","0","1","0","0","1","0","1","1","0","0","0","0"
"1400","","","1","0","034Ch","0","0","1","1","0","0","1","0","1","1","0","0","0","0"
"1416","","","1","0","034Bh","1","1","0","1","0","0","1","0","1","1","0","0","0","0"
"1424","","","1","0","034Fh","1","1","1","1","0","0","1","0","1","1","0","0","0","0"
"1432","","","1","0","0349h","1","0","0","1","0","0","1","0","1","1","0","0","0","0"
"1448","","","1","0","034Bh","1","1","0","1","0","0","1","0","1","1","0","0","0","0"
"1456","","","1","0","034Ah","0","1","0","1","0","0","1","0","1","1","0","0","0","0"
"1472","","","1","0","034Ch","0","0","1","1","0","0","1","0","1","1","0","0","0","0"
"1480","","","1","0","034Fh","1","1","1","1","0","0","1","0","1","1","0","0","0","0"
"1488","","","1","0","0349h","1","0","0","1","0","0","1","0","1","1","0","0","0","0"
"1496","","","1","0","034Ch","0","0","1","1","0","0","1","0","1","1","0","0","0","0"
"1504","","","1","0","034Bh","1","1","0","1","0","0","1","0","1","1","0","0","0","0"
"1512","","","1","0","034Ch","0","0","1","1","0","0","1","0","1","1","0","0","0","0"
"1520","","","1","0","0348h","0","0","0","1","0","0","1","0","1","1","0","0","0","0"
"1528","","","1","0","034Ah","0","1","0","1","0","0","1","0","1","1","0","0","0","0"
"1536","","","1","0","0348h","0","0","0","1","0","0","1","0","1","1","0","0","0","0"
"1544","","","1","0","034Eh","0","1","1","1","0","0","1","0","1","1","0","0","0","0"
"1552","","","1","0","034Ah","0","1","0","1","0","0","1","0","1","1","0","0","0","0"
"1560","","","1","0","0348h","0","0","0","1","0","0","1","0","1","1","0","0","0","0"
"1568","","","1","0","034Dh","1","0","1","1","0","0","1","0","1","1","0","0","0","0"
"1584","","","1","0","034Eh","0","1","1","1","0","0","1","0","1","1","0","0","0","0"
"1592","","","1","0","034Bh","1","1","0","1","0","0","1","0","1","1","0","0","0","0"
"1600","","","1","0","034Dh","1","0","1","1","0","0","1","0","1","1","0","0","0","0"
"1608","","","1","0","034Fh","1","1","1","1","0","0","1","0","1","1","0","0","0","0"
"1616","","","1","0","034Bh","1","1","0","1","0","0","1","0","1","1","0","0","0","0"
"1624","","","1","0","034Ch","0","0","1","1","0","0","1","0","1","1","0","0","0","0"
"1632","","","1","0","0347h","1","1","1","0","0","0","1","0","1","1","0","0","0","0"
"1640","","","1","0","034Ch","0","0","1","1","0","0","1","0","1","1","0","0","0","0"
"1648","","","1","0","034Bh","1","1","0","1","0","0","1","0","1","1","0","0","0","0"
"1672","","","1","0","0347h","1","1","1","0","0","0","1","0","1","1","0","0","0","0"
"1680","","","1","0","034Ch","0","0","1","1","0","0","1","0","1","1","0","0","0","0"
"1688","","","1","0","034Bh","1","1","0","1","0","0","1","0","1","1","0","0","0","0"
"1696","","","1","0","034Fh","1","1","1","1","0","0","1","0","1","1","0","0","0","0"
"1704","","","1","0","034Bh","1","1","0","1","0","0","1","0","1","1","0","0","0","0"
"1728","","","1","0","034Ah","0","1","0","1","0","0","1","0","1","1","0","0","0","0"
"1736","","","1","0","034Bh","1","1","0","1","0","0","1","0","1","1","0","0","0","0"
"1744","","","1","0","0349h","1","0","0","1","0","0","1","0","1","1","0","0","0","0"
"1760","","","1","0","0348h","0","0","0","1","0","0","1","0","1","1","0","0","0","0"
"1768","","","1","0","034Ah","0","1","0","1","0","0","1","0","1","1","0","0","0","0"
"1784","","","1","0","0349h","1","0","0","1","0","0","1","0","1","1","0","0","0","0"
"1792","","","1","0","034Bh","1","1","0","1","0","0","1","0","1","1","0","0","0","0"
"1800","","","1","0","0348h","0","0","0","1","0","0","1","0","1","1","0","0","0","0"
"1808","","","1","0","034Bh","1","1","0","1","0","0","1","0","1","1","0","0","0","0"
"1816","","","1","0","034Ah","0","1","0","1","0","0","1","0","1","1","0","0","0","0"
"1824","","","1","0","034Dh","1","0","1","1","0","0","1","0","1","1","0","0","0","0"
"1832","","","1","0","0349h","1","0","0","1","0","0","1","0","1","1","0","0","0","0"
"1840","","","1","0","034Ch","0","0","1","1","0","0","1","0","1","1","0","0","0","0"
"1848","","","1","0","034Bh","1","1","0","1","0","0","1","0","1","1","0","0","0","0"
"1856","","","1","0","034Ah","0","1","0","1","0","0","1","0","1","1","0","0","0","0"
"1864","","","1","0","034Bh","1","1","0","1","0","0","1","0","1","1","0","0","0","0"
"1872","","","1","0","0348h","0","0","0","1","0","0","1","0","1","1","0","0","0","0"
"1880","","","1","0","034Ah","0","1","0","1","0","0","1","0","1","1","0","0","0","0"
"1888","","","1","0","034Eh","0","1","1","1","0","0","1","0","1","1","0","0","0","0"
"1896","","","1","0","034Ah","0","1","0","1","0","0","1","0","1","1","0","0","0","0"
"1904","","","1","0","0349h","1","0","0","1","0","0","1","0","1","1","0","0","0","0"
"1912","","","1","0","034Ah","0","1","0","1","0","0","1","0","1","1","0","0","0","0"
"1920","","","1","0","034Dh","1","0","1","1","0","0","1","0","1","1","0","0","0","0"
"1928","","","1","0","0349h","1","0","0","1","0","0","1","0","1","1","0","0","0","0"
"1936","","","1","0","034Ch","0","0","1","1","0","0","1","0","1","1","0","0","0","0"
"1944","","","1","0","034Ah","0","1","0","1","0","0","1","0","1","1","0","0","0","0"
"1952","","","1","0","0349h","1","0","0","1","0","0","1","0","1","1","0","0","0","0"
"1960","","","1","0","034Bh","1","1","0","1","0","0","1","0","1","1","0","0","0","0"
"1968","","","1","0","034Ch","0","0","1","1","0","0","1","0","1","1","0","0","0","0"
"1992","","","1","0","034Bh","1","1","0","1","0","0","1","0","1","1","0","0","0","0"
"2008","","","1","0","034Ah","0","1","0","1","0","0","1","0","1","1","0","0","0","0"
"2016","","","1","0","034Ch","0","0","1","1","0","0","1","0","1","1","0","0","0","0"
"2024","","","1","0","034Ah","0","1","0","1","0","0","1","0","1","1","0","0","0","0"
"2032","","","1","0","034Dh","1","0","1","1","0","0","1","0","1","1","0","0","0","0"
"2040","","","1","0","034Ah","0","1","0","1","0","0","1","0","1","1","0","0","0","0"
"2048","","","1","0","0349h","1","0","0","1","0","0","1","0","1","1","0","0","0","0"
"2056","","","1","0","034Dh","1","0","1","1","0","0","1","0","1","1","0","0","0","0"
"2064","","","1","0","034Ah","0","1","0","1","0","0","1","0","1","1","0","0","0","0"
"2072","","","1","0","0349h","1","0","0","1","0","0","1","0","1","1","0","0","0","0"
"2080","","","1","0","034Ah","0","1","0","1","0","0","1","0","1","1","0","0","0","0"
"2088","","","1","0","034Ch","0","0","1","1","0","0","1","0","1","1","0","0","0","0"
"2096","","","1","0","034Eh","0","1","1","1","0","0","1","0","1","1","0","0","0","0"
"2104","","","1","0","034Ah","0","1","0","1","0","0","1","0","1","1","0","0","0","0"
"2112","","","1","0","034Bh","1","1","0","1","0","0","1","0","1","1","0","0","0","0"
"2120","","","1","0","034Ch","0","0","1","1","0","0","1","0","1","1","0","0","0","0"
"2128","","","1","0","034Bh","1","1","0","1","0","0","1","0","1","1","0","0","0","0"
"2136","","","1","0","034Eh","0","1","1","1","0","0","1","0","1","1","0","0","0","0"
"2160","","","1","0","034Bh","1","1","0","1","0","0","1","0","1","1","0","0","0","0"
"2168","","","1","0","0348h","0","0","0","1","0","0","1","0","1","1","0","0","0","0"
"2176","","","1","0","034Bh","1","1","0","1","0","0","1","0","1","1","0","0","0","0"
"2184","","","1","0","0349h","1","0","0","1","0","0","1","0","1","1","0","0","0","0"
"2200","","","1","0","034Dh","1","0","1","1","0","0","1","0","1","1","0","0","0","0"
"2208","","","1","0","034Bh","1","1","0","1","0","0","1","0","1","1","0","0","0","0"
"2232","","","1","0","0349h","1","0","0","1","0","0","1","0","1","1","0","0","0","0"
"2240","","","1","0","034Bh","1","1","0","1","0","0","1","0","1","1","0","0","0","0"
"2248","","","1","0","034Dh","1","0","1","1","0","0","1","0","1","1","0","0","0","0"
"2256","","","1","0","034Bh","1","1","0","1","0","0","1","0","1","1","0","0","0","0"
"2264","","","1","0","0348h","0","0","0","1","0","0","1","0","1","1","0","0","0","0"
"2280","","","1","0","034Ch","0","0","1","1","0","0","1","0","1","1","0","0","0","0"
"2296","","","1","0","034Dh","1","0","1","1","0","0","1","0","1","1","0","0","0","0"
"2304","","","1","0","0348h","0","0","0","1","0","0","1","0","1","1","0","0","0","0"
"2312","","","1","0","034Dh","1","0","1","1","0","0","1","0","1","1","0","0","0","0"
"2320","","","1","0","034Ch","0","0","1","1","0","0","1","0","1","1","0","0","0","0"
"2328","","","1","0","034Fh","1","1","1","1","0","0","1","0","1","1","0","0","0","0"
"2336","","","1","0","034Ah","0","1","0","1","0","0","1","0","1","1","0","0","0","0"
"2344","","","1","0","034Dh","1","0","1","1","0","0","1","0","1","1","0","0","0","0"
"2352","","","1","0","0349h","1","0","0","1","0","0","1","0","1","1","0","0","0","0"
"2360","","","1","0","034Ch","0","0","1","1","0","0","1","0","1","1","0","0","0","0"
"2368","","","1","0","034Ah","0","1","0","1","0","0","1","0","1","1","0","0","0","0"
"2376","","","1","0","0349h","1","0","0","1","0","0","1","0","1","1","0","0","0","0"
"2384","","","1","0","034Ch","0","0","1","1","0","0","1","0","1","1","0","0","0","0"
"2392","","","1","0","034Bh","1","1","0","1","0","0","1","0","1","1","0","0","0","0"
"2400","","","1","0","034Ch","0","0","1","1","0","0","1","0","1","1","0","0","0","0"
"2408","","","1","0","034Ah","0","1","0","1","0","0","1","0","1","1","0","0","0","0"
"2416","","","1","0","0349h","1","0","0","1","0","0","1","0","1","1","0","0","0","0"
"2424","","","1","0","034Ah","0","1","0","1","0","0","1","0","1","1","0","0","0","0"
"2432","","","1","0","034Bh","1","1","0","1","0","0","1","0","1","1","0","0","0","0"
"2440","","","1","0","0349h","1","0","0","1","0","0","1","0","1","1","0","0","0","0"
"2448","","","1","0","034Bh","1","1","0","1","0","0","1","0","1","1","0","0","0","0"
"2456","","","1","0","0349h","1","0","0","1","0","0","1","0","1","1","0","0","0","0"
"2464","","","1","0","034Ah","0","1","0","1","0","0","1","0","1","1","0","0","0","0"
"2472","","","1","0","034Dh","1","0","1","1","0","0","1","0","1","1","0","0","0","0"
"2480","","","1","0","034Ah","0","1","0","1","0","0","1","0","1","1","0","0","0","0"
"2488","","","1","0","0347h","1","1","1","0","0","0","1","0","1","1","0","0","0","0"
"2496","","","1","0","034Ah","0","1","0","1","0","0","1","0","1","1","0","0","0","0"
"2504","","","1","0","034Dh","1","0","1","1","0","0","1","0","1","1","0","0","0","0"
"2512","","","1","0","034Bh","1","1","0","1","0","0","1","0","1","1","0","0","0","0"
"2544","","","1","0","034Ch","0","0","1","1","0","0","1","0","1","1","0","0","0","0"
"2552","","","1","0","0348h","0","0","0","1","0","0","1","0","1","1","0","0","0","0"
"2560","","","1","0","0347h","1","1","1","0","0","0","1","0","1","1","0","0","0","0"
"2568","","","1","0","034Ah","0","1","0","1","0","0","1","0","1","1","0","0","0","0"
"2576","","","1","0","034Bh","1","1","0","1","0","0","1","0","1","1","0","0","0","0"
"2584","","","1","0","0347h","1","1","1","0","0","0","1","0","1","1","0","0","0","0"
"2592","","","1","0","034Dh","1","0","1","1","0","0","1","0","1","1","0","0","0","0"
"2600","","","1","0","034Bh","1","1","0","1","0","0","1","0","1","1","0","0","0","0"
"2608","","","1","0","034Ah","0","1","0","1","0","0","1","0","1","1","0","0","0","0"
"2616","","","1","0","034Bh","1","1","0","1","0","0","1","0","1","1","0","0","0","0"
"2632","","","1","0","034Ah","0","1","0","1","0","0","1","0","1","1","0","0","0","0"
"2640","","","1","0","034Eh","0","1","1","1","0","0","1","0","1","1","0","0","0","0"
"2648","","","1","0","034Bh","1","1","0","1","0","0","1","0","1","1","0","0","0","0"
"2656","","","1","0","034Ah","0","1","0","1","0","0","1","0","1","1","0","0","0","0"
"2672","","","1","0","0347h","1","1","1","0","0","0","1","0","1","1","0","0","0","0"
"2696","","","1","0","034Bh","1","1","0","1","0","0","1","0","1","1","0","0","0","0"
"2704","","","1","0","0348h","0","0","0","1","0","0","1","0","1","1","0","0","0","0"
"2712","","","1","0","034Dh","1","0","1","1","0","0","1","0","1","1","0","0","0","0"
"2720","","","1","0","034Ah","0","1","0","1","0","0","1","0","1","1","0","0","0","0"
"2744","","","1","0","034Bh","1","1","0","1","0","0","1","0","1","1","0","0","0","0"
"2760","","","1","0","0349h","1","0","0","1","0","0","1","0","1","1","0","0","0","0"
"2768","","","1","0","034Ch","0","0","1","1","0","0","1","0","1","1","0","0","0","0"
"2776","","","1","0","0349h","1","0","0","1","0","0","1","0","1","1","0","0","0","0"
"2784","","","1","0","034Ah","0","1","0","1","0","0","1","0","1","1","0","0","0","0"
"2792","","","1","0","034Ch","0","0","1","1","0","0","1","0","1","1","0","0","0","0"
"2800","","","1","0","0349h","1","0","0","1","0","0","1","0","1","1","0","0","0","0"
"2808","","","1","0","0348h","0","0","0","1","0","0","1","0","1","1","0","0","0","0"
"2816","","","1","0","034Bh","1","1","0","1","0","0","1","0","1","1","0","0","0","0"
"2824","","","1","0","034Ah","0","1","0","1","0","0","1","0","1","1","0","0","0","0"
"2832","","","1","0","0348h","0","0","0","1","0","0","1","0","1","1","0","0","0","0"
"2840","","","1","0","034Bh","1","1","0","1","0","0","1","0","1","1","0","0","0","0"
"2848","","","1","0","0349h","1","0","0","1","0","0","1","0","1","1","0","0","0","0"
"2856","","","1","0","0348h","0","0","0","1","0","0","1","0","1","1","0","0","0","0"
"2864","","","1","0","034Bh","1","1","0","1","0","0","1","0","1","1","0","0","0","0"
"2872","","","1","0","034Ah","0","1","0","1","0","0","1","0","1","1","0","0","0","0"
"2880","","","1","0","034Bh","1","1","0","1","0","0","1","0","1","1","0","0","0","0"
"2888","","","1","0","034Ch","0","0","1","1","0","0","1","0","1","1","0","0","0","0"
"2896","","","1","0","034Ah","0","1","0","1","0","0","1","0","1","1","0","0","0","0"
"2904","","","1","0","0349h","1","0","0","1","0","0","1","0","1","1","0","0","0","0"
"2912","","","1","0","034Bh","1","1","0","1","0","0","1","0","1","1","0","0","0","0"
"2920","","","1","0","0348h","0","0","0","1","0","0","1","0","1","1","0","0","0","0"
"2928","","","1","0","034Ch","0","0","1","1","0","0","1","0","1","1","0","0","0","0"
"2936","","","1","0","034Bh","1","1","0","1","0","0","1","0","1","1","0","0","0","0"
"2944","","","1","0","034Ch","0","0","1","1","0","0","1","0","1","1","0","0","0","0"
"2952","","","1","0","0349h","1","0","0","1","0","0","1","0","1","1","0","0","0","0"
"2968","","","1","0","034Ch","0","0","1","1","0","0","1","0","1","1","0","0","0","0"
"2976","","","1","0","0347h","1","1","1","0","0","0","1","0","1","1","0","0","0","0"
"2984","","","1","0","034Ah","0","1","0","1","0","0","1","0","1","1","0","0","0","0"
"2992","","","1","0","0347h","1","1","1","0","0","0","1","0","1","1","0","0","0","0"
"3000","","","1","0","034Bh","1","1","0","1","0","0","1","0","1","1","0","0","0","0"
"3008","","","1","0","034Ah","0","1","0","1","0","0","1","0","1","1","0","0","0","0"
"3016","","","1","0","034Bh","1","1","0","1","0","0","1","0","1","1","0","0","0","0"
"3024","","","1","0","0349h","1","0","0","1","0","0","1","0","1","1","0","0","0","0"
"3032","","","1","0","034Ah","0","1","0","1","0","0","1","0","1","1","0","0","0","0"
"3040","","","1","0","034Ch","0","0","1","1","0","0","1","0","1","1","0","0","0","0"
"3048","","","1","0","034Dh","1","0","1","1","0","0","1","0","1","1","0","0","0","0"
"3056","","","1","0","0349h","1","0","0","1","0","0","1","0","1","1","0","0","0","0"
"3064","","","1","0","034Ah","0","1","0","1","0","0","1","0","1","1","0","0","0","0"
"3072","","","1","0","034Ch","0","0","1","1","0","0","1","0","1","1","0","0","0","0"
"3080","","","1","0","0347h","1","1","1","0","0","0","1","0","1","1","0","0","0","0"
"3088","","","1","0","034Ch","0","0","1","1","0","0","1","0","1","1","0","0","0","0"
"3096","","","1","0","0349h","1","0","0","1","0","0","1","0","1","1","0","0","0","0"
"3104","","","1","0","034Ch","0","0","1","1","0","0","1","0","1","1","0","0","0","0"
"3120","","","1","0","034Bh","1","1","0","1","0","0","1","0","1","1","0","0","0","0"
"3136","","","1","0","034Ch","0","0","1","1","0","0","1","0","1","1","0","0","0","0"
"3144","","","1","0","0349h","1","0","0","1","0","0","1","0","1","1","0","0","0","0"
"3152","","","1","0","034Bh","1","1","0","1","0","0","1","0","1","1","0","0","0","0"
"3160","","","1","0","034Ah","0","1","0","1","0","0","1","0","1","1","0","0","0","0"
"3168","","","1","0","0348h","0","0","0","1","0","0","1","0","1","1","0","0","0","0"
"3176","","","1","0","034Bh","1","1","0","1","0","0","1","0","1","1","0","0","0","0"
"3184","","","1","0","034Ch","0","0","1","1","0","0","1","0","1","1","0","0","0","0"
"3192","","","1","0","034Bh","1","1","0","1","0","0","1","0","1","1","0","0","0","0"
"3208","","","1","0","034Ch","0","0","1","1","0","0","1","0","1","1","0","0","0","0"
"3216","","","1","0","034Bh","1","1","0","1","0","0","1","0","1","1","0","0","0","0"
"3232","","","1","0","034Ah","0","1","0","1","0","0","1","0","1","1","0","0","0","0"
"3248","","","1","0","0349h","1","0","0","1","0","0","1","0","1","1","0","0","0","0"
"3256","","","1","0","034Dh","1","0","1","1","0","0","1","0","1","1","0","0","0","0"
"3264","","","1","0","034Ch","0","0","1","1","0","0","1","0","1","1","0","0","0","0"
"3272","","","1","0","0348h","0","0","0","1","0","0","1","0","1","1","0","0","0","0"
"3280","","","1","0","0349h","1","0","0","1","0","0","1","0","1","1","0","0","0","0"
"3288","","","1","0","034Ah","0","1","0","1","0","0","1","0","1","1","0","0","0","0"
"3296","","","1","0","034Bh","1","1","0","1","0","0","1","0","1","1","0","0","0","0"
"3304","","","1","0","034Ch","0","0","1","1","0","0","1","0","1","1","0","0","0","0"
"3320","","","1","0","034Bh","1","1","0","1","0","0","1","0","1","1","0","0","0","0"
"3328","","","1","0","034Ch","0","0","1","1","0","0","1","0","1","1","0","0","0","0"
"3336","","","1","0","034Ah","0","1","0","1","0","0","1","0","1","1","0","0","0","0"
"3344","","","1","0","034Dh","1","0","1","1","0","0","1","0","1","1","0","0","0","0"
"3352","","","1","0","034Ch","0","0","1","1","0","0","1","0","1","1","0","0","0","0"
"3360","","","1","0","0349h","1","0","0","1","0","0","1","0","1","1","0","0","0","0"
"3368","","","1","0","034Bh","1","1","0","1","0","0","1","0","1","1","0","0","0","0"
"3376","","","1","0","0348h","0","0","0","1","0","0","1","0","1","1","0","0","0","0"
"3384","","","1","0","034Eh","0","1","1","1","0","0","1","0","1","1","0","0","0","0"
"3392","","","1","0","0349h","1","0","0","1","0","0","1","0","1","1","0","0","0","0"
"3400","","","1","0","034Ah","0","1","0","1","0","0","1","0","1","1","0","0","0","0"
"3416","","","1","0","034Dh","1","0","1","1","0","0","1","0","1","1","0","0","0","0"
"3424","","","1","0","034Bh","1","1","0","1","0","0","1","0","1","1","0","0","0","0"
"3432","","","1","0","034Fh","1","1","1","1","0","0","1","0","1","1","0","0","0","0"
"3440","","","1","0","034Ah","0","1","0","1","0","0","1","0","1","1","0","0","0","0"
"3448","","","1","0","034Dh","1","0","1","1","0","0","1","0","1","1","0","0","0","0"
"3456","","","1","0","034Ah","0","1","0","1","0","0","1","0","1","1","0","0","0","0"
"3464","","","1","0","034Ch","0","0","1","1","0","0","1","0","1","1","0","0","0","0"
"3480","","","1","0","034Bh","1","1","0","1","0","0","1","0","1","1","0","0","0","0"
"3488","","","1","0","034Ah","0","1","0","1","0","0","1","0","1","1","0","0","0","0"
"3496","","","1","0","034Ch","0","0","1","1","0","0","1","0","1","1","0","0","0","0"
"3512","","","1","0","034Dh","1","0","1","1","0","0","1","0","1","1","0","0","0","0"
"3520","","","1","0","034Bh","1","1","0","1","0","0","1","0","1","1","0","0","0","0"
"3528","","","1","0","034Ah","0","1","0","1","0","0","1","0","1","1","0","0","0","0"
"3536","","","1","0","034Bh","1","1","0","1","0","0","1","0","1","1","0","0","0","0"
"3544","","","1","0","034Dh","1","0","1","1","0","0","1","0","1","1","0","0","0","0"
"3552","","","1","0","0349h","1","0","0","1","0","0","1","0","1","1","0","0","0","0"
"3560","","","1","0","034Bh","1","1","0","1","0","0","1","0","1","1","0","0","0","0"
"3568","","","1","0","034Ch","0","0","1","1","0","0","1","0","1","1","0","0","0","0"
"3584","","","1","0","034Bh","1","1","0","1","0","0","1","0","1","1","0","0","0","0"
"3600","","","1","0","034Ch","0","0","1","1","0","0","1","0","1","1","0","0","0","0"
"3608","","","1","0","0349h","1","0","0","1","0","0","1","0","1","1","0","0","0","0"
"3616","","","1","0","034Bh","1","1","0","1","0","0","1","0","1","1","0","0","0","0"
"3624","","","1","0","034Dh","1","0","1","1","0","0","1","0","1","1","0","0","0","0"
"3632","","","1","0","034Ch","0","0","1","1","0","0","1","0","1","1","0","0","0","0"
"3648","","","1","0","034Ah","0","1","0","1","0","0","1","0","1","1","0","0","0","0"
"3656","","","1","0","034Eh","0","1","1","1","0","0","1","0","1","1","0","0","0","0"
"3664","","","1","0","0348h","0","0","0","1","0","0","1","0","1","1","0","0","0","0"
"3672","","","1","0","034Dh","1","0","1","1","0","0","1","0","1","1","0","0","0","0"
"3680","","","1","0","034Ah","0","1","0","1","0","0","1","0","1","1","0","0","0","0"
"3688","","","1","0","0349h","1","0","0","1","0","0","1","0","1","1","0","0","0","0"
"3704","","","1","0","034Bh","1","1","0","1","0","0","1","0","1","1","0","0","0","0"
"3720","","","1","0","034Ch","0","0","1","1","0","0","1","0","1","1","0","0","0","0"
"3728","","","1","0","034Eh","0","1","1","1","0","0","1","0","1","1","0","0","0","0"
"3736","","","1","0","034Bh","1","1","0","1","0","0","1","0","1","1","0","0","0","0"
"3744","","","1","0","0348h","0","0","0","1","0","0","1","0","1","1","0","0","0","0"
"3752","","","1","0","0349h","1","0","0","1","0","0","1","0","1","1","0","0","0","0"
"3760","","","1","0","034Ah","0","1","0","1","0","0","1","0","1","1","0","0","0","0"
"3768","","","1","0","0349h","1","0","0","1","0","0","1","0","1","1","0","0","0","0"
"3776","","","1","0","034Ch","0","0","1","1","0","0","1","0","1","1","0","0","0","0"
"3784","","","1","0","0348h","0","0","0","1","0","0","1","0","1","1","0","0","0","0"
"3792","","","1","0","034Bh","1","1","0","1","0","0","1","0","1","1","0","0","0","0"
"3800","","","1","0","034Ah","0","1","0","1","0","0","1","0","1","1","0","0","0","0"
"3808","","","1","0","034Bh","1","1","0","1","0","0","1","0","1","1","0","0","0","0"
"3816","","","1","0","034Dh","1","0","1","1","0","0","1","0","1","1","0","0","0","0"
"3824","","","1","0","0348h","0","0","0","1","0","0","1","0","1","1","0","0","0","0"
"3832","","","1","0","0349h","1","0","0","1","0","0","1","0","1","1","0","0","0","0"
"3848","","","1","0","034Bh","1","1","0","1","0","0","1","0","1","1","0","0","0","0"
"3856","","","1","0","034Ah","0","1","0","1","0","0","1","0","1","1","0","0","0","0"
"3864","","","1","0","034Ch","0","0","1","1","0","0","1","0","1","1","0","0","0","0"
"3888","","","1","0","034Ah","0","1","0","1","0","0","1","0","1","1","0","0","0","0"
"3896","","","1","0","034Bh","1","1","0","1","0","0","1","0","1","1","0","0","0","0"
"3912","","","1","0","034Dh","1","0","1","1","0","0","1","0","1","1","0","0","0","0"
"3920","","","1","0","034Ah","0","1","0","1","0","0","1","0","1","1","0","0","0","0"
"3928","","","1","0","0348h","0","0","0","1","0","0","1","0","1","1","0","0","0","0"
"3936","","","1","0","0349h","1","0","0","1","0","0","1","0","1","1","0","0","0","0"
"3944","","","1","0","0348h","0","0","0","1","0","0","1","0","1","1","0","0","0","0"
"3952","","","1","0","034Ch","0","0","1","1","0","0","1","0","1","1","0","0","0","0"
"3960","","","1","0","034Eh","0","1","1","1","0","0","1","0","1","1","0","0","0","0"
"3968","","","1","0","034Bh","1","1","0","1","0","0","1","0","1","1","0","0","0","0"
"3976","","","1","0","034Ah","0","1","0","1","0","0","1","0","1","1","0","0","0","0"
"3984","","","1","0","0347h","1","1","1","0","0","0","1","0","1","1","0","0","0","0"
"3992","","","1","0","034Ch","0","0","1","1","0","0","1","0","1","1","0","0","0","0"
"4008","","","1","0","034Eh","0","1","1","1","0","0","1","0","1","1","0","0","0","0"
"4016","","","1","0","034Fh","1","1","1","1","0","0","1","0","1","1","0","0","0","0"
"4024","","","1","0","034Bh","1","1","0","1","0","0","1","0","1","1","0","0","0","0"
"4032","","","1","0","034Ah","0","1","0","1","0","0","1","0","1","1","0","0","0","0"
"4040","","","1","0","034Eh","0","1","1","1","0","0","1","0","1","1","0","0","0","0"
"4048","","","1","0","0347h","1","1","1","0","0","0","1","0","1","1","0","0","0","0"
"4056","","","1","0","0348h","0","0","0","1","0","0","1","0","1","1","0","0","0","0"
"4064","","","1","0","0349h","1","0","0","1","0","0","1","0","1","1","0","0","0","0"
"4072","","","1","0","034Ah","0","1","0","1","0","0","1","0","1","1","0","0","0","0"
"4080","","","1","0","034Ch","0","0","1","1","0","0","1","0","1","1","0","0","0","0"
"4088","","","1","0","034Dh","1","0","1","1","0","0","1","0","1","1","0","0","0","0"
"4096","","","1","0","0349h","1","0","0","1","0","0","1","0","1","1","0","0","0","0"
"4104","","","1","0","034Ch","0","0","1","1","0","0","1","0","1","1","0","0","0","0"
"4112","","","1","0","034Dh","1","0","1","1","0","0","1","0","1","1","0","0","0","0"
"4128","","","1","0","0349h","1","0","0","1","0","0","1","0","1","1","0","0","0","0"
"4136","","","1","0","034Ch","0","0","1","1","0","0","1","0","1","1","0","0","0","0"
"4144","","","1","0","034Ah","0","1","0","1","0","0","1","0","1","1","0","0","0","0"
"4152","","","1","0","034Dh","1","0","1","1","0","0","1","0","1","1","0","0","0","0"
"4168","","","1","0","034Ch","0","0","1","1","0","0","1","0","1","1","0","0","0","0"
"4176","","","1","0","034Bh","1","1","0","1","0","0","1","0","1","1","0","0","0","0"
"4200","","","1","0","034Eh","0","1","1","1","0","0","1","0","1","1","0","0","0","0"
"4208","","","1","0","034Bh","1","1","0","1","0","0","1","0","1","1","0","0","0","0"
"4224","","","1","0","034Dh","1","0","1","1","0","0","1","0","1","1","0","0","0","0"
"4232","","","1","0","034Ch","0","0","1","1","0","0","1","0","1","1","0","0","0","0"
"4240","","","1","0","034Ah","0","1","0","1","0","0","1","0","1","1","0","0","0","0"
"4272","","","1","0","034Eh","0","1","1","1","0","0","1","0","1","1","0","0","0","0"
"4280","","","1","0","034Bh","1","1","0","1","0","0","1","0","1","1","0","0","0","0"
"4288","","","1","0","034Dh","1","0","1","1","0","0","1","0","1","1","0","0","0","0"
"4304","","","1","0","034Ah","0","1","0","1","0","0","1","0","1","1","0","0","0","0"
"4312","","","1","0","034Bh","1","1","0","1","0","0","1","0","1","1","0","0","0","0"
"4328","","","1","0","0349h","1","0","0","1","0","0","1","0","1","1","0","0","0","0"
"4336","","","1","0","034Ah","0","1","0","1","0","0","1","0","1","1","0","0","0","0"
"4344","","","1","0","0348h","0","0","0","1","0","0","1","0","1","1","0","0","0","0"
"4352","","","1","0","034Ah","0","1","0","1","0","0","1","0","1","1","0","0","0","0"
"4360","","","1","0","034Bh","1","1","0","1","0","0","1","0","1","1","0","0","0","0"
"4368","","","1","0","034Ch","0","0","1","1","0","0","1","0","1","1","0","0","0","0"
"4384","","","1","0","0349h","1","0","0","1","0","0","1","0","1","1","0","0","0","0"
"4400","","","1","0","034Bh","1","1","0","1","0","0","1","0","1","1","0","0","0","0"
"4408","","","1","0","034Ah","0","1","0","1","0","0","1","0","1","1","0","0","0","0"
"4416","","","1","0","034Ch","0","0","1","1","0","0","1","0","1","1","0","0","0","0"
"4424","","","1","0","0345h","1","0","1","0","0","0","1","0","1","1","0","0","0","0"
"4432","","","1","0","034Ah","0","1","0","1","0","0","1","0","1","1","0","0","0","0"
"4456","","","1","0","0349h","1","0","0","1","0","0","1","0","1","1","0","0","0","0"
"4464","","","1","0","0348h","0","0","0","1","0","0","1","0","1","1","0","0","0","0"
"4472","","","1","0","034Ah","0","1","0","1","0","0","1","0","1","1","0","0","0","0"
"4480","","","1","0","0348h","0","0","0","1","0","0","1","0","1","1","0","0","0","0"
"4488","","","1","0","034Ch","0","0","1","1","0","0","1","0","1","1","0","0","0","0"
"4496","","","1","0","0348h","0","0","0","1","0","0","1","0","1","1","0","0","0","0"
"4504","","","1","0","034Bh","1","1","0","1","0","0","1","0","1","1","0","0","0","0"
"4512","","","1","0","0346h","0","1","1","0","0","0","1","0","1","1","0","0","0","0"
"4520","","","1","0","0349h","1","0","0","1","0","0","1","0","1","1","0","0","0","0"
"4536","","","1","0","034Ch","0","0","1","1","0","0","1","0","1","1","0","0","0","0"
"4544","","","1","0","034Bh","1","1","0","1","0","0","1","0","1","1","0","0","0","0"
"4552","","","1","0","034Ch","0","0","1","1","0","0","1","0","1","1","0","0","0","0"
"4560","","","1","0","034Bh","1","1","0","1","0","0","1","0","1","1","0","0","0","0"
"4576","","","1","0","034Ah","0","1","0","1","0","0","1","0","1","1","0","0","0","0"
"4584","","","1","0","034Dh","1","0","1","1","0","0","1","0","1","1","0","0","0","0"
"4592","","","1","0","0347h","1","1","1","0","0","0","1","0","1","1","0","0","0","0"
"4600","","","1","0","0349h","1","0","0","1","0","0","1","0","1","1","0","0","0","0"
"4616","","","1","0","034Bh","1","1","0","1","0","0","1","0","1","1","0","0","0","0"
"4624","","","1","0","034Dh","1","0","1","1","0","0","1","0","1","1","0","0","0","0"
"4648","","","1","0","0349h","1","0","0","1","0","0","1","0","1","1","0","0","0","0"
"4656","","","1","0","034Bh","1","1","0","1","0","0","1","0","1","1","0","0","0","0"
"4664","","","1","0","034Ch","0","0","1","1","0","0","1","0","1","1","0","0","0","0"
"4672","","","1","0","034Ah","0","1","0","1","0","0","1","0","1","1","0","0","0","0"
"4680","","","1","0","034Dh","1","0","1","1","0","0","1","0","1","1","0","0","0","0"
"4688","","","1","0","034Ah","0","1","0","1","0","0","1","0","1","1","0","0","0","0"
"4696","","","1","0","034Bh","1","1","0","1","0","0","1","0","1","1","0","0","0","0"
"4704","","","1","0","0349h","1","0","0","1","0","0","1","0","1","1","0","0","0","0"
"4712","","","1","0","034Bh","1","1","0","1","0","0","1","0","1","1","0","0","0","0"
"4720","","","1","0","0348h","0","0","0","1","0","0","1","0","1","1","0","0","0","0"
"4728","","","1","0","034Eh","0","1","1","1","0","0","1","0","1","1","0","0","0","0"
"4736","","","1","0","034Ah","0","1","0","1","0","0","1","0","1","1","0","0","0","0"
"4744","","","1","0","034Ch","0","0","1","1","0","0","1","0","1","1","0","0","0","0"
"4752","","","1","0","0349h","1","0","0","1","0","0","1","0","1","1","0","0","0","0"
"4760","","","1","0","034Dh","1","0","1","1","0","0","1","0","1","1","0","0","0","0"
"4768","","","1","0","0349h","1","0","0","1","0","0","1","0","1","1","0","0","0","0"
"4776","","","1","0","034Ch","0","0","1","1","0","0","1","0","1","1","0","0","0","0"
"4784","","","1","0","0348h","0","0","0","1","0","0","1","0","1","1","0","0","0","0"
"4792","","","1","0","034Bh","1","1","0","1","0","0","1","0","1","1","0","0","0","0"
"4800","","","1","0","034Ah","0","1","0","1","0","0","1","0","1","1","0","0","0","0"
"4808","","","1","0","034Dh","1","0","1","1","0","0","1","0","1","1","0","0","0","0"
"4816","","","1","0","0349h","1","0","0","1","0","0","1","0","1","1","0","0","0","0"
"4824","","","1","0","034Ch","0","0","1","1","0","0","1","0","1","1","0","0","0","0"
"4832","","","1","0","0349h","1","0","0","1","0","0","1","0","1","1","0","0","0","0"
"4840","","","1","0","034Bh","1","1","0","1","0","0","1","0","1","1","0","0","0","0"
"4848","","","1","0","034Fh","1","1","1","1","0","0","1","0","1","1","0","0","0","0"
"4856","","","1","0","0348h","0","0","0","1","0","0","1","0","1","1","0","0","0","0"
"4872","","","1","0","034Ch","0","0","1","1","0","0","1","0","1","1","0","0","0","0"
"4880","","","1","0","034Eh","0","1","1","1","0","0","1","0","1","1","0","0","0","0"
"4888","","","1","0","034Ah","0","1","0","1","0","0","1","0","1","1","0","0","0","0"
"4904","","","1","0","034Eh","0","1","1","1","0","0","1","0","1","1","0","0","0","0"
"4912","","","1","0","034Ah","0","1","0","1","0","0","1","0","1","1","0","0","0","0"
"4928","","","1","0","034Ch","0","0","1","1","0","0","1","0","1","1","0","0","0","0"
"4936","","","1","0","0348h","0","0","0","1","0","0","1","0","1","1","0","0","0","0"
"4944","","","1","0","034Ah","0","1","0","1","0","0","1","0","1","1","0","0","0","0"
"4968","","","1","0","034Dh","1","0","1","1","0","0","1","0","1","1","0","0","0","0"
"4976","","","1","0","034Ah","0","1","0","1","0","0","1","0","1","1","0","0","0","0"
"4984","","","1","0","034Ch","0","0","1","1","0","0","1","0","1","1","0","0","0","0"
"4992","","","1","0","034Ah","0","1","0","1","0","0","1","0","1","1","0","0","0","0"
"5000","","","1","0","0348h","0","0","0","1","0","0","1","0","1","1","0","0","0","0"
"5008","","","1","0","034Ch","0","0","1","1","0","0","1","0","1","1","0","0","0","0"
"5016","","","1","0","034Dh","1","0","1","1","0","0","1","0","1","1","0","0","0","0"
"5024","","","1","0","034Bh","1","1","0","1","0","0","1","0","1","1","0","0","0","0"
"5032","","","1","0","034Ch","0","0","1","1","0","0","1","0","1","1","0","0","0","0"
"5040","","","1","0","0349h","1","0","0","1","0","0","1","0","1","1","0","0","0","0"
"5048","","","1","0","034Ch","0","0","1","1","0","0","1","0","1","1","0","0","0","0"
"5056","","","1","0","034Bh","1","1","0","1","0","0","1","0","1","1","0","0","0","0"
"5064","","","1","0","034Ch","0","0","1","1","0","0","1","0","1","1","0","0","0","0"
"5072","","","1","0","034Bh","1","1","0","1","0","0","1","0","1","1","0","0","0","0"
"5080","","","1","0","0349h","1","0","0","1","0","0","1","0","1","1","0","0","0","0"
"5088","","","1","0","034Dh","1","0","1","1","0","0","1","0","1","1","0","0","0","0"
"5096","","","1","0","034Ah","0","1","0","1","0","0","1","0","1","1","0","0","0","0"
"5104","","","1","0","034Eh","0","1","1","1","0","0","1","0","1","1","0","0","0","0"
"5112","","","1","0","034Ah","0","1","0","1","0","0","1","0","1","1","0","0","0","0"
"5120","","","1","0","034Ch","0","0","1","1","0","0","1","0","1","1","0","0","0","0"
"5128","","","1","0","034Bh","1","1","0","1","0","0","1","0","1","1","0","0","0","0"
"5136","","","1","0","034Ah","0","1","0","1","0","0","1","0","1","1","0","0","0","0"
"5152","","","1","0","0349h","1","0","0","1","0","0","1","0","1","1","0","0","0","0"
"5160","","","1","0","034Ah","0","1","0","1","0","0","1","0","1","1","0","0","0","0"
"5168","","","1","0","034Bh","1","1","0","1","0","0","1","0","1","1","0","0","0","0"
"5176","","","1","0","0347h","1","1","1","0","0","0","1","0","1","1","0","0","0","0"
"5184","","","1","0","034Bh","1","1","0","1","0","0","1","0","1","1","0","0","0","0"
"5192","","","1","0","034Ah","0","1","0","1","0","0","1","0","1","1","0","0","0","0"
"5216","","","1","0","0349h","1","0","0","1","0","0","1","0","1","1","0","0","0","0"
"5224","","","1","0","034Ch","0","0","1","1","0","0","1","0","1","1","0","0","0","0"
"5232","","","1","0","034Dh","1","0","1","1","0","0","1","0","1","1","0","0","0","0"
"5240","","","1","0","034Eh","0","1","1","1","0","0","1","0","1","1","0","0","0","0"
"5248","","","1","0","034Ah","0","1","0","1","0","0","1","0","1","1","0","0","0","0"
"5256","","","1","0","034Ch","0","0","1","1","0","0","1","0","1","1","0","0","0","0"
"5272","","","1","0","034Dh","1","0","1","1","0","0","1","0","1","1","0","0","0","0"
"5280","","","1","0","034Bh","1","1","0","1","0","0","1","0","1","1","0","0","0","0"
"5304","","","1","0","034Dh","1","0","1","1","0","0","1","0","1","1","0","0","0","0"
"5312","","","1","0","034Bh","1","1","0","1","0","0","1","0","1","1","0","0","0","0"
"5320","","","1","0","034Dh","1","0","1","1","0","0","1","0","1","1","0","0","0","0"
"5328","","","1","0","034Ch","0","0","1","1","0","0","1","0","1","1","0","0","0","0"
"5336","","","1","0","034Bh","1","1","0","1","0","0","1","0","1","1","0","0","0","0"
"5344","","","1","0","0348h","0","0","0","1","0","0","1","0","1","1","0","0","0","0"
"5352","","","1","0","0349h","1","0","0","1","0","0","1","0","1","1","0","0","0","0"
"5360","","","1","0","034Bh","1","1","0","1","0","0","1","0","1","1","0","0","0","0"
"5368","","","1","0","034Ch","0","0","1","1","0","0","1","0","1","1","0","0","0","0"
"5376","","","1","0","034Fh","1","1","1","1","0","0","1","0","1","1","0","0","0","0"
"5384","","","1","0","034Ah","0","1","0","1","0","0","1","0","1","1","0","0","0","0"
"5400","","","1","0","0347h","1","1","1","0","0","0","1","0","1","1","0","0","0","0"
"5408","","","1","0","034Dh","1","0","1","1","0","0","1","0","1","1","0","0","0","0"
"5416","","","1","0","034Ch","0","0","1","1","0","0","1","0","1","1","0","0","0","0"
"5424","","","1","0","034Ah","0","1","0","1","0","0","1","0","1","1","0","0","0","0"
"5440","","","1","0","034Bh","1","1","0","1","0","0","1","0","1","1","0","0","0","0"
"5448","","","1","0","034Ch","0","0","1","1","0","0","1","0","1","1","0","0","0","0"
"5456","","","1","0","0348h","0","0","0","1","0","0","1","0","1","1","0","0","0","0"
"5464","","","1","0","034Ch","0","0","1","1","0","0","1","0","1","1","0","0","0","0"
"5472","","","1","0","034Ah","0","1","0","1","0","0","1","0","1","1","0","0","0","0"
"5480","","","1","0","034Ch","0","0","1","1","0","0","1","0","1","1","0","0","0","0"
"5488","","","1","0","034Bh","1","1","0","1","0","0","1","0","1","1","0","0","0","0"
"5496","","","1","0","0347h","1","1","1","0","0","0","1","0","1","1","0","0","0","0"
"5504","","","1","0","0349h","1","0","0","1","0","0","1","0","1","1","0","0","0","0"
"5512","","","1","0","034Bh","1","1","0","1","0","0","1","0","1","1","0","0","0","0"
"5528","","","1","0","034Ah","0","1","0","1","0","0","1","0","1","1","0","0","0","0"
"5536","","","1","0","034Dh","1","0","1","1","0","0","1","0","1","1","0","0","0","0"
"5544","","","1","0","0349h","1","0","0","1","0","0","1","0","1","1","0","0","0","0"
"5560","","","1","0","0347h","1","1","1","0","0","0","1","0","1","1","0","0","0","0"
"5568","","","1","0","0349h","1","0","0","1","0","0","1","0","1","1","0","0","0","0"
"5576","","","1","0","034Bh","1","1","0","1","0","0","1","0","1","1","0","0","0","0"
"5584","","","1","0","034Ah","0","1","0","1","0","0","1","0","1","1","0","0","0","0"
"5600","","","1","0","034Ch","0","0","1","1","0","0","1","0","1","1","0","0","0","0"
"5608","","","1","0","034Ah","0","1","0","1","0","0","1","0","1","1","0","0","0","0"
"5616","","","1","0","034Dh","1","0","1","1","0","0","1","0","1","1","0","0","0","0"
"5624","","","1","0","034Ah","0","1","0","1","0","0","1","0","1","1","0","0","0","0"
"5632","","","1","0","0349h","1","0","0","1","0","0","1","0","1","1","0","0","0","0"
"5640","","","1","0","034Dh","1","0","1","1","0","0","1","0","1","1","0","0","0","0"
"5648","","","1","0","034Eh","0","1","1","1","0","0","1","0","1","1","0","0","0","0"
"5656","","","1","0","034Dh","1","0","1","1","0","0","1","0","1","1","0","0","0","0"
"5664","","","1","0","0348h","0","0","0","1","0","0","1","0","1","1","0","0","0","0"
"5672","","","1","0","034Ch","0","0","1","1","0","0","1","0","1","1","0","0","0","0"
"5680","","","1","0","034Bh","1","1","0","1","0","0","1","0","1","1","0","0","0","0"
"5688","","","1","0","0349h","1","0","0","1","0","0","1","0","1","1","0","0","0","0"
"5696","","","1","0","034Dh","1","0","1","1","0","0","1","0","1","1","0","0","0","0"
"5712","","","1","0","034Ah","0","1","0","1","0","0","1","0","1","1","0","0","0","0"
"5720","","","1","0","034Ch","0","0","1","1","0","0","1","0","1","1","0","0","0","0"
"5736","","","1","0","034Dh","1","0","1","1","0","0","1","0","1","1","0","0","0","0"
"5760","","","1","0","034Ch","0","0","1","1","0","0","1","0","1","1","0","0","0","0"
"5776","","","1","0","0349h","1","0","0","1","0","0","1","0","1","1","0","0","0","0"
"5784","","","1","0","034Bh","1","1","0","1","0","0","1","0","1","1","0","0","0","0"
"5792","","","1","0","0349h","1","0","0","1","0","0","1","0","1","1","0","0","0","0"
"5800","","","1","0","034Ch","0","0","1","1","0","0","1","0","1","1","0","0","0","0"
"5808","","","1","0","0349h","1","0","0","1","0","0","1","0","1","1","0","0","0","0"
"5824","","","1","0","034Ah","0","1","0","1","0","0","1","0","1","1","0","0","0","0"
"5832","","","1","0","0347h","1","1","1","0","0","0","1","0","1","1","0","0","0","0"
"5840","","","1","0","0348h","0","0","0","1","0","0","1","0","1","1","0","0","0","0"
"5848","","","1","0","034Ah","0","1","0","1","0","0","1","0","1","1","0","0","0","0"
"5856","","","1","0","0349h","1","0","0","1","0","0","1","0","1","1","0","0","0","0"
"5864","","","1","0","0347h","1","1","1","0","0","0","1","0","1","1","0","0","0","0"
"5872","","","1","0","034Bh","1","1","0","1","0","0","1","0","1","1","0","0","0","0"
"5880","","","1","0","0347h","1","1","1","0","0","0","1","0","1","1","0","0","0","0"
"5888","","","1","0","034Ah","0","1","0","1","0","0","1","0","1","1","0","0","0","0"
"5896","","","1","0","034Dh","1","0","1","1","0","0","1","0","1","1","0","0","0","0"
"5904","","","1","0","0349h","1","0","0","1","0","0","1","0","1","1","0","0","0","0"
"5912","","","1","0","034Bh","1","1","0","1","0","0","1","0","1","1","0","0","0","0"
"5920","","","1","0","034Dh","1","0","1","1","0","0","1","0","1","1","0","0","0","0"
"5928","","","1","0","0348h","0","0","0","1","0","0","1","0","1","1","0","0","0","0"
"5936","","","1","0","034Bh","1","1","0","1","0","0","1","0","1","1","0","0","0","0"
"5944","","","1","0","0349h","1","0","0","1","0","0","1","0","1","1","0","0","0","0"
"5952","","","1","0","034Bh","1","1","0","1","0","0","1","0","1","1","0","0","0","0"
"5960","","","1","0","0347h","1","1","1","0","0","0","1","0","1","1","0","0","0","0"
"5968","","","1","0","034Ch","0","0","1","1","0","0","1","0","1","1","0","0","0","0"
"5976","","","1","0","034Ah","0","1","0","1","0","0","1","0","1","1","0","0","0","0"
"5984","","","1","0","0349h","1","0","0","1","0","0","1","0","1","1","0","0","0","0"
"5992","","","1","0","034Ch","0","0","1","1","0","0","1","0","1","1","0","0","0","0"
"6000","","","1","0","034Ah","0","1","0","1","0","0","1","0","1","1","0","0","0","0"
"6016","","","1","0","0348h","0","0","0","1","0","0","1","0","1","1","0","0","0","0"
"6024","","","1","0","0349h","1","0","0","1","0","0","1","0","1","1","0","0","0","0"
"6032","","","1","0","034Ch","0","0","1","1","0","0","1","0","1","1","0","0","0","0"
"6040","","","1","0","034Bh","1","1","0","1","0","0","1","0","1","1","0","0","0","0"
"6056","","","1","0","034Eh","0","1","1","1","0","0","1","0","1","1","0","0","0","0"
"6064","","","1","0","034Ch","0","0","1","1","0","0","1","0","1","1","0","0","0","0"
"6072","","","1","0","034Ah","0","1","0","1","0","0","1","0","1","1","0","0","0","0"
"6080","","","1","0","034Dh","1","0","1","1","0","0","1","0","1","1","0","0","0","0"
"6088","","","1","0","034Ch","0","0","1","1","0","0","1","0","1","1","0","0","0","0"
"6096","","","1","0","034Eh","0","1","1","1","0","0","1","0","1","1","0","0","0","0"
"6104","","","1","0","034Ch","0","0","1","1","0","0","1","0","1","1","0","0","0","0"
"6112","","","1","0","034Bh","1","1","0","1","0","0","1","0","1","1","0","0","0","0"
"6120","","","1","0","034Ch","0","0","1","1","0","0","1","0","1","1","0","0","0","0"
"6128","","","1","0","0348h","0","0","0","1","0","0","1","0","1","1","0","0","0","0"
"6136","","","1","0","0349h","1","0","0","1","0","0","1","0","1","1","0","0","0","0"
"6144","","","1","0","034Ah","0","1","0","1","0","0","1","0","1","1","0","0","0","0"
"6152","","","1","0","034Ch","0","0","1","1","0","0","1","0","1","1","0","0","0","0"
"6160","","","1","0","034Bh","1","1","0","1","0","0","1","0","1","1","0","0","0","0"
"6176","","","1","0","0349h","1","0","0","1","0","0","1","0","1","1","0","0","0","0"
"6184","","","1","0","034Bh","1","1","0","1","0","0","1","0","1","1","0","0","0","0"
"6192","","","1","0","034Ch","0","0","1","1","0","0","1","0","1","1","0","0","0","0"
"6200","","","1","0","034Bh","1","1","0","1","0","0","1","0","1","1","0","0","0","0"
"6208","","","1","0","0349h","1","0","0","1","0","0","1","0","1","1","0","0","0","0"
"6216","","","1","0","034Bh","1","1","0","1","0","0","1","0","1","1","0","0","0","0"
"6240","","","1","0","034Dh","1","0","1","1","0","0","1","0","1","1","0","0","0","0"
"6248","","","1","0","0349h","1","0","0","1","0","0","1","0","1","1","0","0","0","0"
"6256","","","1","0","034Ch","0","0","1","1","0","0","1","0","1","1","0","0","0","0"
"6264","","","1","0","034Bh","1","1","0","1","0","0","1","0","1","1","0","0","0","0"
"6272","","","1","0","034Ch","0","0","1","1","0","0","1","0","1","1","0","0","0","0"
"6296","","","1","0","034Bh","1","1","0","1","0","0","1","0","1","1","0","0","0","0"
"6304","","","1","0","0346h","0","1","1","0","0","0","1","0","1","1","0","0","0","0"
"6312","","","1","0","0348h","0","0","0","1","0","0","1","0","1","1","0","0","0","0"
"6328","","","1","0","034Ah","0","1","0","1","0","0","1","0","1","1","0","0","0","0"
"6336","","","1","0","034Dh","1","0","1","1","0","0","1","0","1","1","0","0","0","0"
"6344","","","1","0","034Bh","1","1","0","1","0","0","1","0","1","1","0","0","0","0"
"6352","","","1","0","034Ah","0","1","0","1","0","0","1","0","1","1","0","0","0","0"
"6360","","","1","0","0349h","1","0","0","1","0","0","1","0","1","1","0","0","0","0"
"6368","","","1","0","034Ah","0","1","0","1","0","0","1","0","1","1","0","0","0","0"
"6376","","","1","0","0348h","0","0","0","1","0","0","1","0","1","1","0","0","0","0"
"6384","","","1","0","034Bh","1","1","0","1","0","0","1","0","1","1","0","0","0","0"
"6400","","","1","0","034Ah","0","1","0","1","0","0","1","0","1","1","0","0","0","0"
"6408","","","1","0","034Eh","0","1","1","1","0","0","1","0","1","1","0","0","0","0"
"6416","","","1","0","034Bh","1","1","0","1","0","0","1","0","1","1","0","0","0","0"
"6424","","","1","0","034Ah","0","1","0","1","0","0","1","0","1","1","0","0","0","0"
"6440","","","1","0","034Bh","1","1","0","1","0","0","1","0","1","1","0","0","0","0"
"6448","","","1","0","034Dh","1","0","1","1","0","0","1","0","1","1","0","0","0","0"
"6456","","","1","0","034Ch","0","0","1","1","0","0","1","0","1","1","0","0","0","0"
"6464","","","1","0","034Ah","0","1","0","1","0","0","1","0","1","1","0","0","0","0"
"6472","","","1","0","034Ch","0","0","1","1","0","0","1","0","1","1","0","0","0","0"
"6488","","","1","0","0349h","1","0","0","1","0","0","1","0","1","1","0","0","0","0"
"6496","","","1","0","034Ch","0","0","1","1","0","0","1","0","1","1","0","0","0","0"
"6504","","","1","0","034Bh","1","1","0","1","0","0","1","0","1","1","0","0","0","0"
"6512","","","1","0","034Dh","1","0","1","1","0","0","1","0","1","1","0","0","0","0"
"6528","","","1","0","0349h","1","0","0","1","0","0","1","0","1","1","0","0","0","0"
"6544","","","1","0","034Dh","1","0","1","1","0","0","1","0","1","1","0","0","0","0"
"6552","","","1","0","034Ah","0","1","0","1","0","0","1","0","1","1","0","0","0","0"
"6560","","","1","0","0348h","0","0","0","1","0","0","1","0","1","1","0","0","0","0"
"6568","","","1","0","034Eh","0","1","1","1","0","0","1","0","1","1","0","0","0","0"
"6576","","","1","0","034Ah","0","1","0","1","0","0","1","0","1","1","0","0","0","0"
"6584","","","1","0","034Bh","1","1","0","1","0","0","1","0","1","1","0","0","0","0"
"6600","","","1","0","034Ch","0","0","1","1","0","0","1","0","1","1","0","0","0","0"
"6608","","","1","0","0349h","1","0","0","1","0","0","1","0","1","1","0","0","0","0"
"6616","","","1","0","034Bh","1","1","0","1","0","0","1","0","1","1","0","0","0","0"
"6632","","","1","0","034Eh","0","1","1","1","0","0","1","0","1","1","0","0","0","0"
"6640","","","1","0","034Ch","0","0","1","1","0","0","1","0","1","1","0","0","0","0"
"6648","","","1","0","0349h","1","0","0","1","0","0","1","0","1","1","0","0","0","0"
"6664","","","1","0","034Dh","1","0","1","1","0","0","1","0","1","1","0","0","0","0"
"6672","","","1","0","034Bh","1","1","0","1","0","0","1","0","1","1","0","0","0","0"
"6680","","","1","0","0348h","0","0","0","1","0","0","1","0","1","1","0","0","0","0"
"6688","","","1","0","034Ah","0","1","0","1","0","0","1","0","1","1","0","0","0","0"
"6704","","","1","0","034Bh","1","1","0","1","0","0","1","0","1","1","0","0","0","0"
"6720","","","1","0","034Dh","1","0","1","1","0","0","1","0","1","1","0","0","0","0"
"6736","","","1","0","034Bh","1","1","0","1","0","0","1","0","1","1","0","0","0","0"
"6744","","","1","0","034Ah","0","1","0","1","0","0","1","0","1","1","0","0","0","0"
"6752","","","1","0","034Ch","0","0","1","1","0","0","1","0","1","1","0","0","0","0"
"6768","","","1","0","034Bh","1","1","0","1","0","0","1","0","1","1","0","0","0","0"
"6776","","","1","0","034Ah","0","1","0","1","0","0","1","0","1","1","0","0","0","0"
"6792","","","1","0","034Bh","1","1","0","1","0","0","1","0","1","1","0","0","0","0"
"6800","","","1","0","034Ah","0","1","0","1","0","0","1","0","1","1","0","0","0","0"
"6808","","","1","0","034Ch","0","0","1","1","0","0","1","0","1","1","0","0","0","0"
"6816","","","1","0","0349h","1","0","0","1","0","0","1","0","1","1","0","0","0","0"
"6824","","","1","0","034Ch","0","0","1","1","0","0","1","0","1","1","0","0","0","0"
"6832","","","1","0","034Dh","1","0","1","1","0","0","1","0","1","1","0","0","0","0"
"6840","","","1","0","0349h","1","0","0","1","0","0","1","0","1","1","0","0","0","0"
"6848","","","1","0","034Dh","1","0","1","1","0","0","1","0","1","1","0","0","0","0"
"6856","","","1","0","034Ah","0","1","0","1","0","0","1","0","1","1","0","0","0","0"
"6864","","","1","0","0349h","1","0","0","1","0","0","1","0","1","1","0","0","0","0"
"6872","","","1","0","034Bh","1","1","0","1","0","0","1","0","1","1","0","0","0","0"
"6904","","","1","0","034Ah","0","1","0","1","0","0","1","0","1","1","0","0","0","0"
"6912","","","1","0","034Bh","1","1","0","1","0","0","1","0","1","1","0","0","0","0"
"6920","","","1","0","0349h","1","0","0","1","0","0","1","0","1","1","0","0","0","0"
"6928","","","1","0","034Eh","0","1","1","1","0","0","1","0","1","1","0","0","0","0"
"6936","","","1","0","0349h","1","0","0","1","0","0","1","0","1","1","0","0","0","0"
"6944","","","1","0","034Ch","0","0","1","1","0","0","1","0","1","1","0","0","0","0"
"6952","","","1","0","034Bh","1","1","0","1","0","0","1","0","1","1","0","0","0","0"
"6960","","","1","0","034Ch","0","0","1","1","0","0","1","0","1","1","0","0","0","0"
"6968","","","1","0","034Bh","1","1","0","1","0","0","1","0","1","1","0","0","0","0"
"6976","","","1","0","0349h","1","0","0","1","0","0","1","0","1","1","0","0","0","0"
"6984","","","1","0","034Ah","0","1","0","1","0","0","1","0","1","1","0","0","0","0"
"6992","","","1","0","0348h","0","0","0","1","0","0","1","0","1","1","0","0","0","0"
"7000","","","1","0","034Ch","0","0","1","1","0","0","1","0","1","1","0","0","0","0"
"7016","","","1","0","034Dh","1","0","1","1","0","0","1","0","1","1","0","0","0","0"
"7024","","","1","0","034Ah","0","1","0","1","0","0","1","0","1","1","0","0","0","0"
"7032","","","1","0","034Ch","0","0","1","1","0","0","1","0","1","1","0","0","0","0"
"7048","","","1","0","034Bh","1","1","0","1","0","0","1","0","1","1","0","0","0","0"
"7056","","","1","0","034Ch","0","0","1","1","0","0","1","0","1","1","0","0","0","0"
"7064","","","1","0","034Ah","0","1","0","1","0","0","1","0","1","1","0","0","0","0"
"7072","","","1","0","0348h","0","0","0","1","0","0","1","0","1","1","0","0","0","0"
"7080","","","1","0","0349h","1","0","0","1","0","0","1","0","1","1","0","0","0","0"
"7096","","","1","0","034Ah","0","1","0","1","0","0","1","0","1","1","0","0","0","0"
"7104","","","1","0","0349h","1","0","0","1","0","0","1","0","1","1","0","0","0","0"
"7112","","","1","0","034Ch","0","0","1","1","0","0","1","0","1","1","0","0","0","0"
"7120","","","1","0","034Ah","0","1","0","1","0","0","1","0","1","1","0","0","0","0"
"7128","","","1","0","034Ch","0","0","1","1","0","0","1","0","1","1","0","0","0","0"
"7136","","","1","0","034Bh","1","1","0","1","0","0","1","0","1","1","0","0","0","0"
"7144","","","1","0","034Ch","0","0","1","1","0","0","1","0","1","1","0","0","0","0"
"7152","","","1","0","0349h","1","0","0","1","0","0","1","0","1","1","0","0","0","0"
"7160","","","1","0","0348h","0","0","0","1","0","0","1","0","1","1","0","0","0","0"
"7168","","","1","0","034Ah","0","1","0","1","0","0","1","0","1","1","0","0","0","0"
"7176","","","1","0","034Dh","1","0","1","1","0","0","1","0","1","1","0","0","0","0"
"7184","","","1","0","0347h","1","1","1","0","0","0","1","0","1","1","0","0","0","0"
"7192","","","1","0","034Eh","0","1","1","1","0","0","1","0","1","1","0","0","0","0"
"7200","","","1","0","034Bh","1","1","0","1","0","0","1","0","1","1","0","0","0","0"
"7208","","","1","0","034Ch","0","0","1","1","0","0","1","0","1","1","0","0","0","0"
"7216","","","1","0","034Ah","0","1","0","1","0","0","1","0","1","1","0","0","0","0"
"7224","","","1","0","034Ch","0","0","1","1","0","0","1","0","1","1","0","0","0","0"
"7232","","","1","0","034Ah","0","1","0","1","0","0","1","0","1","1","0","0","0","0"
"7240","","","1","0","0346h","0","1","1","0","0","0","1","0","1","1","0","0","0","0"
"7248","","","1","0","034Ah","0","1","0","1","0","0","1","0","1","1","0","0","0","0"
"7256","","","1","0","034Ch","0","0","1","1","0","0","1","0","1","1","0","0","0","0"
"7264","","","1","0","034Bh","1","1","0","1","0","0","1","0","1","1","0","0","0","0"
"7272","","","1","0","0349h","1","0","0","1","0","0","1","0","1","1","0","0","0","0"
"7280","","","1","0","034Ch","0","0","1","1","0","0","1","0","1","1","0","0","0","0"
"7288","","","1","0","034Dh","1","0","1","1","0","0","1","0","1","1","0","0","0","0"
"7296","","","1","0","034Ch","0","0","1","1","0","0","1","0","1","1","0","0","0","0"
"7312","","","1","0","034Ah","0","1","0","1","0","0","1","0","1","1","0","0","0","0"
"7320","","","1","0","034Ch","0","0","1","1","0","0","1","0","1","1","0","0","0","0"
"7328","","","1","0","034Ah","0","1","0","1","0","0","1","0","1","1","0","0","0","0"
"7336","","","1","0","034Bh","1","1","0","1","0","0","1","0","1","1","0","0","0","0"
"7344","","","1","0","034Ah","0","1","0","1","0","0","1","0","1","1","0","0","0","0"
"7352","","","1","0","0348h","0","0","0","1","0","0","1","0","1","1","0","0","0","0"
"7360","","","1","0","034Ah","0","1","0","1","0","0","1","0","1","1","0","0","0","0"
"7368","","","1","0","034Bh","1","1","0","1","0","0","1","0","1","1","0","0","0","0"
"7376","","","1","0","034Ah","0","1","0","1","0","0","1","0","1","1","0","0","0","0"
"7392","","","1","0","0349h","1","0","0","1","0","0","1","0","1","1","0","0","0","0"
"7408","","","1","0","034Dh","1","0","1","1","0","0","1","0","1","1","0","0","0","0"
"7416","","","1","0","034Ch","0","0","1","1","0","0","1","0","1","1","0","0","0","0"
"7424","","","1","0","034Bh","1","1","0","1","0","0","1","0","1","1","0","0","0","0"
"7432","","","1","0","034Ah","0","1","0","1","0","0","1","0","1","1","0","0","0","0"
"7440","","","1","0","034Ch","0","0","1","1","0","0","1","0","1","1","0","0","0","0"
"7448","","","1","0","034Ah","0","1","0","1","0","0","1","0","1","1","0","0","0","0"
"7456","","","1","0","034Ch","0","0","1","1","0","0","1","0","1","1","0","0","0","0"
"7472","","","1","0","0349h","1","0","0","1","0","0","1","0","1","1","0","0","0","0"
"7480","","","1","0","034Bh","1","1","0","1","0","0","1","0","1","1","0","0","0","0"
"7488","","","1","0","034Ah","0","1","0","1","0","0","1","0","1","1","0","0","0","0"
"7496","","","1","0","0349h","1","0","0","1","0","0","1","0","1","1","0","0","0","0"
"7512","","","1","0","034Ah","0","1","0","1","0","0","1","0","1","1","0","0","0","0"
"7528","","","1","0","0349h","1","0","0","1","0","0","1","0","1","1","0","0","0","0"
"7536","","","1","0","034Ch","0","0","1","1","0","0","1","0","1","1","0","0","0","0"
"7544","","","1","0","0348h","0","0","0","1","0","0","1","0","1","1","0","0","0","0"
"7552","","","1","0","034Bh","1","1","0","1","0","0","1","0","1","1","0","0","0","0"
"7560","","","1","0","034Ch","0","0","1","1","0","0","1","0","1","1","0","0","0","0"
"7568","","","1","0","034Ah","0","1","0","1","0","0","1","0","1","1","0","0","0","0"
"7576","","","1","0","034Dh","1","0","1","1","0","0","1","0","1","1","0","0","0","0"
"7584","","","1","0","034Ch","0","0","1","1","0","0","1","0","1","1","0","0","0","0"
"7592","","","1","0","034Bh","1","1","0","1","0","0","1","0","1","1","0","0","0","0"
"7600","","","1","0","034Ah","0","1","0","1","0","0","1","0","1","1","0","0","0","0"
"7608","","","1","0","034Bh","1","1","0","1","0","0","1","0","1","1","0","0","0","0"
"7616","","","1","0","0349h","1","0","0","1","0","0","1","0","1","1","0","0","0","0"
"7624","","","1","0","0347h","1","1","1","0","0","0","1","0","1","1","0","0","0","0"
"7632","","","1","0","034Bh","1","1","0","1","0","0","1","0","1","1","0","0","0","0"
"7648","","","1","0","034Dh","1","0","1","1","0","0","1","0","1","1","0","0","0","0"
"7656","","","1","0","034Bh","1","1","0","1","0","0","1","0","1","1","0","0","0","0"
"7664","","","1","0","0349h","1","0","0","1","0","0","1","0","1","1","0","0","0","0"
"7672","","","1","0","034Bh","1","1","0","1","0","0","1","0","1","1","0","0","0","0"
"7680","","","1","0","0349h","1","0","0","1","0","0","1","0","1","1","0","0","0","0"
"7688","","","1","0","034Ah","0","1","0","1","0","0","1","0","1","1","0","0","0","0"
"7696","","","1","0","034Eh","0","1","1","1","0","0","1","0","1","1","0","0","0","0"
"7704","","","1","0","034Ch","0","0","1","1","0","0","1","0","1","1","0","0","0","0"
"7712","","","1","0","034Bh","1","1","0","1","0","0","1","0","1","1","0","0","0","0"
"7720","","","1","0","0349h","1","0","0","1","0","0","1","0","1","1","0","0","0","0"
"7728","","","1","0","034Ah","0","1","0","1","0","0","1","0","1","1","0","0","0","0"
"7744","","","1","0","034Bh","1","1","0","1","0","0","1","0","1","1","0","0","0","0"
"7752","","","1","0","034Ch","0","0","1","1","0","0","1","0","1","1","0","0","0","0"
"7760","","","1","0","0349h","1","0","0","1","0","0","1","0","1","1","0","0","0","0"
"7768","","","1","0","0347h","1","1","1","0","0","0","1","0","1","1","0","0","0","0"
"7776","","","1","0","034Ch","0","0","1","1","0","0","1","0","1","1","0","0","0","0"
"7784","","","1","0","0348h","0","0","0","1","0","0","1","0","1","1","0","0","0","0"
"7792","","","1","0","034Bh","1","1","0","1","0","0","1","0","1","1","0","0","0","0"
"7800","","","1","0","0348h","0","0","0","1","0","0","1","0","1","1","0","0","0","0"
"7808","","","1","0","034Ah","0","1","0","1","0","0","1","0","1","1","0","0","0","0"
"7824","","","1","0","034Dh","1","0","1","1","0","0","1","0","1","1","0","0","0","0"
"7832","","","1","0","034Ch","0","0","1","1","0","0","1","0","1","1","0","0","0","0"
"7840","","","1","0","0349h","1","0","0","1","0","0","1","0","1","1","0","0","0","0"
"7848","","","1","0","0347h","1","1","1","0","0","0","1","0","1","1","0","0","0","0"
"7856","","","1","0","034Eh","0","1","1","1","0","0","1","0","1","1","0","0","0","0"
"7864","","","1","0","034Bh","1","1","0","1","0","0","1","0","1","1","0","0","0","0"
"7872","","","1","0","034Eh","0","1","1","1","0","0","1","0","1","1","0","0","0","0"
"7880","","","1","0","0349h","1","0","0","1","0","0","1","0","1","1","0","0","0","0"
"7888","","","1","0","0348h","0","0","0","1","0","0","1","0","1","1","0","0","0","0"
"7896","","","1","0","0349h","1","0","0","1","0","0","1","0","1","1","0","0","0","0"
"7912","","","1","0","034Bh","1","1","0","1","0","0","1","0","1","1","0","0","0","0"
"7920","","","1","0","0349h","1","0","0","1","0","0","1","0","1","1","0","0","0","0"
"7928","","","1","0","034Dh","1","0","1","1","0","0","1","0","1","1","0","0","0","0"
"7936","","","1","0","0347h","1","1","1","0","0","0","1","0","1","1","0","0","0","0"
"7944","","","1","0","0348h","0","0","0","1","0","0","1","0","1","1","0","0","0","0"
"7952","","","1","0","0349h","1","0","0","1","0","0","1","0","1","1","0","0","0","0"
"7968","","","1","0","0348h","0","0","0","1","0","0","1","0","1","1","0","0","0","0"
"7976","","","1","0","034Ah","0","1","0","1","0","0","1","0","1","1","0","0","0","0"
"7984","","","1","0","0348h","0","0","0","1","0","0","1","0","1","1","0","0","0","0"
"7992","","","1","0","0349h","1","0","0","1","0","0","1","0","1","1","0","0","0","0"
"8024","","","1","0","034Dh","1","0","1","1","0","0","1","0","1","1","0","0","0","0"
"8032","","","1","0","0349h","1","0","0","1","0","0","1","0","1","1","0","0","0","0"
"8040","","","1","0","034Bh","1","1","0","1","0","0","1","0","1","1","0","0","0","0"
"8048","","","1","0","034Ah","0","1","0","1","0","0","1","0","1","1","0","0","0","0"
"8064","","","1","0","034Ch","0","0","1","1","0","0","1","0","1","1","0","0","0","0"
"8072","","","1","0","034Dh","1","0","1","1","0","0","1","0","1","1","0","0","0","0"
"8080","","","1","0","034Ah","0","1","0","1","0","0","1","0","1","1","0","0","0","0"
"8088","","","1","0","034Ch","0","0","1","1","0","0","1","0","1","1","0","0","0","0"
"8096","","","1","0","0349h","1","0","0","1","0","0","1","0","1","1","0","0","0","0"
"8112","","","1","0","034Ch","0","0","1","1","0","0","1","0","1","1","0","0","0","0"
"8128","","","1","0","034Dh","1","0","1","1","0","0","1","0","1","1","0","0","0","0"
"8144","","","1","0","034Ch","0","0","1","1","0","0","1","0","1","1","0","0","0","0"
"8152","","","1","0","034Ah","0","1","0","1","0","0","1","0","1","1","0","0","0","0"
"8160","","","1","0","0348h","0","0","0","1","0","0","1","0","1","1","0","0","0","0"
"8168","","","1","0","034Ah","0","1","0","1","0","0","1","0","1","1","0","0","0","0"
"8176","","","1","0","0349h","1","0","0","1","0","0","1","0","1","1","0","0","0","0"
"8184","","","1","0","034Ch","0","0","1","1","0","0","1","0","1","1","0","0","0","0"
"8192","","","1","0","034Bh","1","1","0","1","0","0","1","0","1","1","0","0","0","0"
"8200","","","1","0","034Ah","0","1","0","1","0","0","1","0","1","1","0","0","0","0"
"8216","","","1","0","034Ch","0","0","1","1","0","0","1","0","1","1","0","0","0","0"
"8224","","","1","0","034Bh","1","1","0","1","0","0","1","0","1","1","0","0","0","0"
"8232","","","1","0","0348h","0","0","0","1","0","0","1","0","1","1","0","0","0","0"
"8240","","","1","0","0349h","1","0","0","1","0","0","1","0","1","1","0","0","0","0"
"8248","","","1","0","034Bh","1","1","0","1","0","0","1","0","1","1","0","0","0","0"
"8256","","","1","0","034Dh","1","0","1","1","0","0","1","0","1","1","0","0","0","0"
"8264","","","1","0","034Ah","0","1","0","1","0","0","1","0","1","1","0","0","0","0"
"8272","","","1","0","034Ch","0","0","1","1","0","0","1","0","1","1","0","0","0","0"
"8280","","","1","0","034Bh","1","1","0","1","0","0","1","0","1","1","0","0","0","0"
"8296","","","1","0","0349h","1","0","0","1","0","0","1","0","1","1","0","0","0","0"
"8304","","","1","0","034Bh","1","1","0","1","0","0","1","0","1","1","0","0","0","0"
"8312","","","1","0","034Ch","0","0","1","1","0","0","1","0","1","1","0","0","0","0"
"8320","","","1","0","0348h","0","0","0","1","0","0","1","0","1","1","0","0","0","0"
"8328","","","1","0","034Ch","0","0","1","1","0","0","1","0","1","1","0","0","0","0"
"8352","","","1","0","0349h","1","0","0","1","0","0","1","0","1","1","0","0","0","0"
"8360","","","1","0","034Bh","1","1","0","1","0","0","1","0","1","1","0","0","0","0"
"8368","","","1","0","0348h","0","0","0","1","0","0","1","0","1","1","0","0","0","0"
"8376","","","1","0","034Ch","0","0","1","1","0","0","1","0","1","1","0","0","0","0"
"8384","","","1","0","034Ah","0","1","0","1","0","0","1","0","1","1","0","0","0","0"
"8392","","","1","0","034Dh","1","0","1","1","0","0","1","0","1","1","0","0","0","0"
"8400","","","1","0","034Ah","0","1","0","1","0","0","1","0","1","1","0","0","0","0"
"8408","","","1","0","034Bh","1","1","0","1","0","0","1","0","1","1","0","0","0","0"
"8416","","","1","0","034Ch","0","0","1","1","0","0","1","0","1","1","0","0","0","0"
"8424","","","1","0","034Ah","0","1","0","1","0","0","1","0","1","1","0","0","0","0"
"8432","","","1","0","034Ch","0","0","1","1","0","0","1","0","1","1","0","0","0","0"
"8440","","","1","0","034Bh","1","1","0","1","0","0","1","0","1","1","0","0","0","0"
"8448","","","1","0","034Dh","1","0","1","1","0","0","1","0","1","1","0","0","0","0"
"8456","","","1","0","0349h","1","0","0","1","0","0","1","0","1","1","0","0","0","0"
"8464","","","1","0","0348h","0","0","0","1","0","0","1","0","1","1","0","0","0","0"
"8472","","","1","0","034Ch","0","0","1","1","0","0","1","0","1","1","0","0","0","0"
"8488","","","1","0","0347h","1","1","1","0","0","0","1","0","1","1","0","0","0","0"
"8496","","","1","0","0349h","1","0","0","1","0","0","1","0","1","1","0","0","0","0"
"8504","","","1","0","034Ah","0","1","0","1","0","0","1","0","1","1","0","0","0","0"
"8512","","","1","0","0349h","1","0","0","1","0","0","1","0","1","1","0","0","0","0"
"8520","","","1","0","034Ah","0","1","0","1","0","0","1","0","1","1","0","0","0","0"
"8528","","","1","0","0349h","1","0","0","1","0","0","1","0","1","1","0","0","0","0"
"8544","","","1","0","0348h","0","0","0","1","0","0","1","0","1","1","0","0","0","0"
"8552","","","1","0","034Bh","1","1","0","1","0","0","1","0","1","1","0","0","0","0"
"8560","","","1","0","034Ah","0","1","0","1","0","0","1","0","1","1","0","0","0","0"
"8568","","","1","0","034Bh","1","1","0","1","0","0","1","0","1","1","0","0","0","0"
"8576","","","1","0","0348h","0","0","0","1","0","0","1","0","1","1","0","0","0","0"
"8584","","","1","0","0349h","1","0","0","1","0","0","1","0","1","1","0","0","0","0"
"8592","","","1","0","034Ch","0","0","1","1","0","0","1","0","1","1","0","0","0","0"
"8608","","","1","0","0349h","1","0","0","1","0","0","1","0","1","1","0","0","0","0"
"8616","","","1","0","034Ah","0","1","0","1","0","0","1","0","1","1","0","0","0","0"
"8624","","","1","0","034Bh","1","1","0","1","0","0","1","0","1","1","0","0","0","0"
"8672","","","1","0","034Ah","0","1","0","1","0","0","1","0","1","1","0","0","0","0"
"8680","","","1","0","034Bh","1","1","0","1","0","0","1","0","1","1","0","0","0","0"
"8688","","","1","0","0348h","0","0","0","1","0","0","1","0","1","1","0","0","0","0"
"8696","","","1","0","0349h","1","0","0","1","0","0","1","0","1","1","0","0","0","0"
"8704","","","1","0","0348h","0","0","0","1","0","0","1","0","1","1","0","0","0","0"
"8712","","","1","0","034Bh","1","1","0","1","0","0","1","0","1","1","0","0","0","0"
"8720","","","1","0","034Ch","0","0","1","1","0","0","1","0","1","1","0","0","0","0"
"8728","","","1","0","034Ah","0","1","0","1","0","0","1","0","1","1","0","0","0","0"
"8736","","","1","0","034Ch","0","0","1","1","0","0","1","0","1","1","0","0","0","0"
"8744","","","1","0","034Eh","0","1","1","1","0","0","1","0","1","1","0","0","0","0"
"8752","","","1","0","034Ch","0","0","1","1","0","0","1","0","1","1","0","0","0","0"
"8760","","","1","0","0349h","1","0","0","1","0","0","1","0","1","1","0","0","0","0"
"8768","","","1","0","034Bh","1","1","0","1","0","0","1","0","1","1","0","0","0","0"
"8784","","","1","0","034Ch","0","0","1","1","0","0","1","0","1","1","0","0","0","0"
"8792","","","1","0","034Bh","1","1","0","1","0","0","1","0","1","1","0","0","0","0"
"8808","","","1","0","0348h","0","0","0","1","0","0","1","0","1","1","0","0","0","0"
"8824","","","1","0","034Bh","1","1","0","1","0","0","1","0","1","1","0","0","0","0"
"8840","","","1","0","034Dh","1","0","1","1","0","0","1","0","1","1","0","0","0","0"
"8848","","","1","0","0349h","1","0","0","1","0","0","1","0","1","1","0","0","0","0"
"8856","","","1","0","034Eh","0","1","1","1","0","0","1","0","1","1","0","0","0","0"
"8864","","","1","0","034Ah","0","1","0","1","0","0","1","0","1","1","0","0","0","0"
"8872","","","1","0","034Bh","1","1","0","1","0","0","1","0","1","1","0","0","0","0"
"8880","","","1","0","034Ah","0","1","0","1","0","0","1","0","1","1","0","0","0","0"
"8896","","","1","0","0349h","1","0","0","1","0","0","1","0","1","1","0","0","0","0"
"8904","","","1","0","0348h","0","0","0","1","0","0","1","0","1","1","0","0","0","0"
"8912","","","1","0","034Ch","0","0","1","1","0","0","1","0","1","1","0","0","0","0"
"8944","","","1","0","0348h","0","0","0","1","0","0","1","0","1","1","0","0","0","0"
"8960","","","1","0","034Ah","0","1","0","1","0","0","1","0","1","1","0","0","0","0"
"8976","","","1","0","034Ch","0","0","1","1","0","0","1","0","1","1","0","0","0","0"
"8984","","","1","0","0348h","0","0","0","1","0","0","1","0","1","1","0","0","0","0"
"8992","","","1","0","0349h","1","0","0","1","0","0","1","0","1","1","0","0","0","0"
"9000","","","1","0","034Ch","0","0","1","1","0","0","1","0","1","1","0","0","0","0"
"9008","","","1","0","0348h","0","0","0","1","0","0","1","0","1","1","0","0","0","0"
"9016","","","1","0","034Ch","0","0","1","1","0","0","1","0","1","1","0","0","0","0"
"9024","","","1","0","0346h","0","1","1","0","0","0","1","0","1","1","0","0","0","0"
"9032","","","1","0","034Ch","0","0","1","1","0","0","1","0","1","1","0","0","0","0"
"9040","","","1","0","0348h","0","0","0","1","0","0","1","0","1","1","0","0","0","0"
"9048","","","1","0","034Ah","0","1","0","1","0","0","1","0","1","1","0","0","0","0"
"9056","","","1","0","0349h","1","0","0","1","0","0","1","0","1","1","0","0","0","0"
"9064","","","1","0","034Bh","1","1","0","1","0","0","1","0","1","1","0","0","0","0"
"9088","","","1","0","034Dh","1","0","1","1","0","0","1","0","1","1","0","0","0","0"
"9096","","","1","0","034Bh","1","1","0","1","0","0","1","0","1","1","0","0","0","0"
"9104","","","1","0","034Ch","0","0","1","1","0","0","1","0","1","1","0","0","0","0"
"9112","","","1","0","034Bh","1","1","0","1","0","0","1","0","1","1","0","0","0","0"
"9120","","","1","0","034Ch","0","0","1","1","0","0","1","0","1","1","0","0","0","0"
"9128","","","1","0","034Bh","1","1","0","1","0","0","1","0","1","1","0","0","0","0"
"9136","","","1","0","034Ah","0","1","0","1","0","0","1","0","1","1","0","0","0","0"
"9144","","","1","0","0349h","1","0","0","1","0","0","1","0","1","1","0","0","0","0"
"9152","","","1","0","034Ch","0","0","1","1","0","0","1","0","1","1","0","0","0","0"
"9160","","","1","0","034Bh","1","1","0","1","0","0","1","0","1","1","0","0","0","0"
"9168","","","1","0","034Ch","0","0","1","1","0","0","1","0","1","1","0","0","0","0"
"9176","","","1","0","034Ah","0","1","0","1","0","0","1","0","1","1","0","0","0","0"
"9200","","","1","0","034Eh","0","1","1","1","0","0","1","0","1","1","0","0","0","0"
"9208","","","1","0","034Ah","0","1","0","1","0","0","1","0","1","1","0","0","0","0"
"9216","","","1","0","034Bh","1","1","0","1","0","0","1","0","1","1","0","0","0","0"
"9224","","","1","0","034Dh","1","0","1","1","0","0","1","0","1","1","0","0","0","0"
"9232","","","1","0","034Ch","0","0","1","1","0","0","1","0","1","1","0","0","0","0"
"9240","","","1","0","0347h","1","1","1","0","0","0","1","0","1","1","0","0","0","0"
"9248","","","1","0","034Ch","0","0","1","1","0","0","1","0","1","1","0","0","0","0"
"9256","","","1","0","034Eh","0","1","1","1","0","0","1","0","1","1","0","0","0","0"
"9264","","","1","0","034Bh","1","1","0","1","0","0","1","0","1","1","0","0","0","0"
"9288","","","1","0","034Fh","1","1","1","1","0","0","1","0","1","1","0","0","0","0"
"9296","","","1","0","034Bh","1","1","0","1","0","0","1","0","1","1","0","0","0","0"
"9304","","","1","0","034Ah","0","1","0","1","0","0","1","0","1","1","0","0","0","0"
"9312","","","1","0","034Bh","1","1","0","1","0","0","1","0","1","1","0","0","0","0"
"9320","","","1","0","0349h","1","0","0","1","0","0","1","0","1","1","0","0","0","0"
"9328","","","1","0","034Ah","0","1","0","1","0","0","1","0","1","1","0","0","0","0"
"9336","","","1","0","0349h","1","0","0","1","0","0","1","0","1","1","0","0","0","0"
"9344","","","1","0","034Bh","1","1","0","1","0","0","1","0","1","1","0","0","0","0"
"9352","","","1","0","034Ch","0","0","1","1","0","0","1","0","1","1","0","0","0","0"
"9360","","","1","0","034Bh","1","1","0","1","0","0","1","0","1","1","0","0","0","0"
"9368","","","1","0","034Ch","0","0","1","1","0","0","1","0","1","1","0","0","0","0"
"9400","","","1","0","034Dh","1","0","1","1","0","0","1","0","1","1","0","0","0","0"
"9408","","","1","0","034Bh","1","1","0","1","0","0","1","0","1","1","0","0","0","0"
"9416","","","1","0","034Ch","0","0","1","1","0","0","1","0","1","1","0","0","0","0"
"9424","","","1","0","034Ah","0","1","0","1","0","0","1","0","1","1","0","0","0","0"
"9432","","","1","0","034Bh","1","1","0","1","0","0","1","0","1","1","0","0","0","0"
"9448","","","1","0","034Ch","0","0","1","1","0","0","1","0","1","1","0","0","0","0"
"9456","","","1","0","034Ah","0","1","0","1","0","0","1","0","1","1","0","0","0","0"
"9464","","","1","0","0349h","1","0","0","1","0","0","1","0","1","1","0","0","0","0"
"9472","","","1","0","034Ch","0","0","1","1","0","0","1","0","1","1","0","0","0","0"
"9488","","","1","0","034Dh","1","0","1","1","0","0","1","0","1","1","0","0","0","0"
"9496","","","1","0","0349h","1","0","0","1","0","0","1","0","1","1","0","0","0","0"
"9504","","","1","0","034Ch","0","0","1","1","0","0","1","0","1","1","0","0","0","0"
"9512","","","1","0","0349h","1","0","0","1","0","0","1","0","1","1","0","0","0","0"
"9528","","","1","0","034Bh","1","1","0","1","0","0","1","0","1","1","0","0","0","0"
"9544","","","1","0","0350h","0","0","0","0","1","0","1","0","1","1","0","0","0","0"
"9552","","","1","0","034Eh","0","1","1","1","0","0","1","0","1","1","0","0","0","0"
"9560","","","1","0","034Ch","0","0","1","1","0","0","1","0","1","1","0","0","0","0"
"9568","","","1","0","034Ah","0","1","0","1","0","0","1","0","1","1","0","0","0","0"
"9576","","","1","0","0349h","1","0","0","1","0","0","1","0","1","1","0","0","0","0"
"9584","","","1","0","034Bh","1","1","0","1","0","0","1","0","1","1","0","0","0","0"
"9608","","","1","0","0349h","1","0","0","1","0","0","1","0","1","1","0","0","0","0"
"9616","","","1","0","034Ah","0","1","0","1","0","0","1","0","1","1","0","0","0","0"
"9624","","","1","0","0347h","1","1","1","0","0","0","1","0","1","1","0","0","0","0"
"9632","","","1","0","034Ch","0","0","1","1","0","0","1","0","1","1","0","0","0","0"
"9640","","","1","0","0349h","1","0","0","1","0","0","1","0","1","1","0","0","0","0"
"9648","","","1","0","034Dh","1","0","1","1","0","0","1","0","1","1","0","0","0","0"
"9656","","","1","0","0349h","1","0","0","1","0","0","1","0","1","1","0","0","0","0"
"9664","","","1","0","034Bh","1","1","0","1","0","0","1","0","1","1","0","0","0","0"
"9672","","","1","0","034Ah","0","1","0","1","0","0","1","0","1","1","0","0","0","0"
"9680","","","1","0","0348h","0","0","0","1","0","0","1","0","1","1","0","0","0","0"
"9688","","","1","0","034Dh","1","0","1","1","0","0","1","0","1","1","0","0","0","0"
"9696","","","1","0","034Ch","0","0","1","1","0","0","1","0","1","1","0","0","0","0"
"9704","","","1","0","0348h","0","0","0","1","0","0","1","0","1","1","0","0","0","0"
"9712","","","1","0","034Ch","0","0","1","1","0","0","1","0","1","1","0","0","0","0"
"9720","","","1","0","034Ah","0","1","0","1","0","0","1","0","1","1","0","0","0","0"
"9728","","","1","0","034Bh","1","1","0","1","0","0","1","0","1","1","0","0","0","0"
"9752","","","1","0","0349h","1","0","0","1","0","0","1","0","1","1","0","0","0","0"
"9760","","","1","0","034Ah","0","1","0","1","0","0","1","0","1","1","0","0","0","0"
"9768","","","1","0","034Ch","0","0","1","1","0","0","1","0","1","1","0","0","0","0"
"9784","","","1","0","034Ah","0","1","0","1","0","0","1","0","1","1","0","0","0","0"
"9791","","","1","0","034Ah","0","1","0","1","0","0","1","0","1","1","0","0","0","0"
