"SamplePeriod","TriggerSample","CompressedData"
"0.00000002","4112","True"
"SampleNumber","DSP_I2C0","DSP_I2C1","Clock2","Clock1","ADCout","Data0","Data1","Data2","Data3","Data4","Data5","Data6","Data7","Data8","Data9","Data10","Data11","Data12","Data13"
"0","","","1","0","19A0h","0","0","0","0","0","1","0","1","1","0","0","1","1","0"
"8","","","1","0","1A14h","0","0","1","0","1","0","0","0","0","1","0","1","1","0"
"16","","","1","0","1A85h","1","0","1","0","0","0","0","1","0","1","0","1","1","0"
"24","","","1","0","1B00h","0","0","0","0","0","0","0","0","1","1","0","1","1","0"
"32","","","1","0","1B76h","0","1","1","0","1","1","1","0","1","1","0","1","1","0"
"40","","","1","0","1BEBh","1","1","0","1","0","1","1","1","1","1","0","1","1","0"
"48","","","1","0","1C61h","1","0","0","0","0","1","1","0","0","0","1","1","1","0"
"56","","","1","0","1CD5h","1","0","1","0","1","0","1","1","0","0","1","1","1","0"
"64","","","1","0","1D4Bh","1","1","0","1","0","0","1","0","1","0","1","1","1","0"
"72","","","1","0","1DC6h","0","1","1","0","0","0","1","1","1","0","1","1","1","0"
"80","","","1","0","1E36h","0","1","1","0","1","1","0","0","0","1","1","1","1","0"
"88","","","1","0","1EB2h","0","1","0","0","1","1","0","1","0","1","1","1","1","0"
"96","","","1","0","1F25h","1","0","1","0","0","1","0","0","1","1","1","1","1","0"
"104","","","1","0","1F9Dh","1","0","1","1","1","0","0","1","1","1","1","1","1","0"
"112","","","1","0","2010h","0","0","0","0","1","0","0","0","0","0","0","0","0","1"
"120","","","1","0","208Ah","0","1","0","1","0","0","0","1","0","0","0","0","0","1"
"128","","","1","0","2103h","1","1","0","0","0","0","0","0","1","0","0","0","0","1"
"136","","","1","0","2179h","1","0","0","1","1","1","1","0","1","0","0","0","0","1"
"144","","","1","0","21ECh","0","0","1","1","0","1","1","1","1","0","0","0","0","1"
"152","","","1","0","2266h","0","1","1","0","0","1","1","0","0","1","0","0","0","1"
"160","","","1","0","22DBh","1","1","0","1","1","0","1","1","0","1","0","0","0","1"
"168","","","1","0","2354h","0","0","1","0","1","0","1","0","1","1","0","0","0","1"
"176","","","1","0","23CAh","0","1","0","1","0","0","1","1","1","1","0","0","0","1"
"184","","","1","0","2441h","1","0","0","0","0","0","1","0","0","0","1","0","0","1"
"192","","","1","0","24BAh","0","1","0","1","1","1","0","1","0","0","1","0","0","1"
"200","","","1","0","2529h","1","0","0","1","0","1","0","0","1","0","1","0","0","1"
"208","","","1","0","25A6h","0","1","1","0","0","1","0","1","1","0","1","0","0","1"
"216","","","1","0","261Ch","0","0","1","1","1","0","0","0","0","1","1","0","0","1"
"224","","","1","0","2695h","1","0","1","0","1","0","0","1","0","1","1","0","0","1"
"232","","","1","0","270Eh","0","1","1","1","0","0","0","0","1","1","1","0","0","1"
"240","","","1","0","2780h","0","0","0","0","0","0","0","1","1","1","1","0","0","1"
"248","","","1","0","27F0h","0","0","0","0","1","1","1","1","1","1","1","0","0","1"
"256","","","1","0","2868h","0","0","0","1","0","1","1","0","0","0","0","1","0","1"
"264","","","1","0","28DFh","1","1","1","1","1","0","1","1","0","0","0","1","0","1"
"272","","","1","0","295Bh","1","1","0","1","1","0","1","0","1","0","0","1","0","1"
"280","","","1","0","29D0h","0","0","0","0","1","0","1","1","1","0","0","1","0","1"
"288","","","1","0","2A45h","1","0","1","0","0","0","1","0","0","1","0","1","0","1"
"296","","","1","0","2ABAh","0","1","0","1","1","1","0","1","0","1","0","1","0","1"
"304","","","1","0","2B30h","0","0","0","0","1","1","0","0","1","1","0","1","0","1"
"312","","","1","0","2BA5h","1","0","1","0","0","1","0","1","1","1","0","1","0","1"
"320","","","1","0","2C1Ch","0","0","1","1","1","0","0","0","0","0","1","1","0","1"
"328","","","1","0","2C91h","1","0","0","0","1","0","0","1","0","0","1","1","0","1"
"336","","","1","0","2D07h","1","1","1","0","0","0","0","0","1","0","1","1","0","1"
"344","","","1","0","2D7Eh","0","1","1","1","1","1","1","0","1","0","1","1","0","1"
"352","","","1","0","2DF5h","1","0","1","0","1","1","1","1","1","0","1","1","0","1"
"360","","","1","0","2E6Ah","0","1","0","1","0","1","1","0","0","1","1","1","0","1"
"368","","","1","0","2EE2h","0","1","0","0","0","1","1","1","0","1","1","1","0","1"
"376","","","1","0","2F57h","1","1","1","0","1","0","1","0","1","1","1","1","0","1"
"384","","","1","0","2FCCh","0","0","1","1","0","0","1","1","1","1","1","1","0","1"
"392","","","1","0","3044h","0","0","1","0","0","0","1","0","0","0","0","0","1","1"
"400","","","1","0","30B9h","1","0","0","1","1","1","0","1","0","0","0","0","1","1"
"408","","","1","0","312Fh","1","1","1","1","0","1","0","0","1","0","0","0","1","1"
"416","","","1","0","31A7h","1","1","1","0","0","1","0","1","1","0","0","0","1","1"
"424","","","1","0","3216h","0","1","1","0","1","0","0","0","0","1","0","0","1","1"
"432","","","1","0","328Bh","1","1","0","1","0","0","0","1","0","1","0","0","1","1"
"440","","","1","0","3306h","0","1","1","0","0","0","0","0","1","1","0","0","1","1"
"448","","","1","0","337Ah","0","1","0","1","1","1","1","0","1","1","0","0","1","1"
"456","","","1","0","33ECh","0","0","1","1","0","1","1","1","1","1","0","0","1","1"
"464","","","1","0","3467h","1","1","1","0","0","1","1","0","0","0","1","0","1","1"
"472","","","1","0","34DCh","0","0","1","1","1","0","1","1","0","0","1","0","1","1"
"480","","","1","0","354Fh","1","1","1","1","0","0","1","0","1","0","1","0","1","1"
"488","","","1","0","35C7h","1","1","1","0","0","0","1","1","1","0","1","0","1","1"
"496","","","1","0","3637h","1","1","1","0","1","1","0","0","0","1","1","0","1","1"
"504","","","1","0","36AFh","1","1","1","1","0","1","0","1","0","1","1","0","1","1"
"512","","","1","0","3726h","0","1","1","0","0","1","0","0","1","1","1","0","1","1"
"520","","","1","0","379Dh","1","0","1","1","1","0","0","1","1","1","1","0","1","1"
"528","","","1","0","3811h","1","0","0","0","1","0","0","0","0","0","0","1","1","1"
"536","","","1","0","3885h","1","0","1","0","0","0","0","1","0","0","0","1","1","1"
"544","","","1","0","38FDh","1","0","1","1","1","1","1","1","0","0","0","1","1","1"
"552","","","1","0","396Eh","0","1","1","1","0","1","1","0","1","0","0","1","1","1"
"560","","","1","0","39E6h","0","1","1","0","0","1","1","1","1","0","0","1","1","1"
"568","","","1","0","3A5Bh","1","1","0","1","1","0","1","0","0","1","0","1","1","1"
"576","","","1","0","3AD0h","0","0","0","0","1","0","1","1","0","1","0","1","1","1"
"584","","","1","0","3B44h","0","0","1","0","0","0","1","0","1","1","0","1","1","1"
"592","","","1","0","3BBAh","0","1","0","1","1","1","0","1","1","1","0","1","1","1"
"600","","","1","0","3C30h","0","0","0","0","1","1","0","0","0","0","1","1","1","1"
"608","","","1","0","3CA1h","1","0","0","0","0","1","0","1","0","0","1","1","1","1"
"616","","","1","0","3D16h","0","1","1","0","1","0","0","0","1","0","1","1","1","1"
"624","","","1","0","3D52h","0","1","0","0","1","0","1","0","1","0","1","1","1","1"
"632","","","1","0","3CD8h","0","0","0","1","1","0","1","1","0","0","1","1","1","1"
"640","","","1","0","3C60h","0","0","0","0","0","1","1","0","0","0","1","1","1","1"
"648","","","1","0","3BEFh","1","1","1","1","0","1","1","1","1","1","0","1","1","1"
"656","","","1","0","3B7Ch","0","0","1","1","1","1","1","0","1","1","0","1","1","1"
"664","","","1","0","3B06h","0","1","1","0","0","0","0","0","1","1","0","1","1","1"
"672","","","1","0","3A91h","1","0","0","0","1","0","0","1","0","1","0","1","1","1"
"680","","","1","0","3A1Bh","1","1","0","1","1","0","0","0","0","1","0","1","1","1"
"688","","","1","0","39ACh","0","0","1","1","0","1","0","1","1","0","0","1","1","1"
"696","","","1","0","3932h","0","1","0","0","1","1","0","0","1","0","0","1","1","1"
"704","","","1","0","38C1h","1","0","0","0","0","0","1","1","0","0","0","1","1","1"
"712","","","1","0","384Ah","0","1","0","1","0","0","1","0","0","0","0","1","1","1"
"720","","","1","0","37D4h","0","0","1","0","1","0","1","1","1","1","1","0","1","1"
"728","","","1","0","3761h","1","0","0","0","0","1","1","0","1","1","1","0","1","1"
"736","","","1","0","36E8h","0","0","0","1","0","1","1","1","0","1","1","0","1","1"
"744","","","1","0","3674h","0","0","1","0","1","1","1","0","0","1","1","0","1","1"
"752","","","1","0","3601h","1","0","0","0","0","0","0","0","0","1","1","0","1","1"
"760","","","1","0","358Bh","1","1","0","1","0","0","0","1","1","0","1","0","1","1"
"768","","","1","0","3511h","1","0","0","0","1","0","0","0","1","0","1","0","1","1"
"776","","","1","0","349Fh","1","1","1","1","1","0","0","1","0","0","1","0","1","1"
"784","","","1","0","3430h","0","0","0","0","1","1","0","0","0","0","1","0","1","1"
"792","","","1","0","33B2h","0","1","0","0","1","1","0","1","1","1","0","0","1","1"
"800","","","1","0","333Ch","0","0","1","1","1","1","0","0","1","1","0","0","1","1"
"808","","","1","0","32C7h","1","1","1","0","0","0","1","1","0","1","0","0","1","1"
"816","","","1","0","3251h","1","0","0","0","1","0","1","0","0","1","0","0","1","1"
"824","","","1","0","31DAh","0","1","0","1","1","0","1","1","1","0","0","0","1","1"
"832","","","1","0","3167h","1","1","1","0","0","1","1","0","1","0","0","0","1","1"
"840","","","1","0","30EFh","1","1","1","1","0","1","1","1","0","0","0","0","1","1"
"848","","","1","0","3079h","1","0","0","1","1","1","1","0","0","0","0","0","1","1"
"856","","","1","0","3003h","1","1","0","0","0","0","0","0","0","0","0","0","1","1"
"864","","","1","0","2F87h","1","1","1","0","0","0","0","1","1","1","1","1","0","1"
"872","","","1","0","2F16h","0","1","1","0","1","0","0","0","1","1","1","1","0","1"
"880","","","1","0","2E9Dh","1","0","1","1","1","0","0","1","0","1","1","1","0","1"
"888","","","1","0","2E27h","1","1","1","0","0","1","0","0","0","1","1","1","0","1"
"896","","","1","0","2DB2h","0","1","0","0","1","1","0","1","1","0","1","1","0","1"
"904","","","1","0","2D39h","1","0","0","1","1","1","0","0","1","0","1","1","0","1"
"912","","","1","0","2CC7h","1","1","1","0","0","0","1","1","0","0","1","1","0","1"
"920","","","1","0","2C4Ch","0","0","1","1","0","0","1","0","0","0","1","1","0","1"
"928","","","1","0","2BD5h","1","0","1","0","1","0","1","1","1","1","0","1","0","1"
"936","","","1","0","2B5Eh","0","1","1","1","1","0","1","0","1","1","0","1","0","1"
"944","","","1","0","2AEEh","0","1","1","1","0","1","1","1","0","1","0","1","0","1"
"952","","","1","0","2A76h","0","1","1","0","1","1","1","0","0","1","0","1","0","1"
"960","","","1","0","2A00h","0","0","0","0","0","0","0","0","0","1","0","1","0","1"
"968","","","1","0","298Ah","0","1","0","1","0","0","0","1","1","0","0","1","0","1"
"976","","","1","0","2914h","0","0","1","0","1","0","0","0","1","0","0","1","0","1"
"984","","","1","0","289Dh","1","0","1","1","1","0","0","1","0","0","0","1","0","1"
"992","","","1","0","2827h","1","1","1","0","0","1","0","0","0","0","0","1","0","1"
"1000","","","1","0","27B0h","0","0","0","0","1","1","0","1","1","1","1","0","0","1"
"1008","","","1","0","273Eh","0","1","1","1","1","1","0","0","1","1","1","0","0","1"
"1016","","","1","0","26C4h","0","0","1","0","0","0","1","1","0","1","1","0","0","1"
"1024","","","1","0","264Ch","0","0","1","1","0","0","1","0","0","1","1","0","0","1"
"1032","","","1","0","25DCh","0","0","1","1","1","0","1","1","1","0","1","0","0","1"
"1040","","","1","0","2567h","1","1","1","0","0","1","1","0","1","0","1","0","0","1"
"1048","","","1","0","24EAh","0","1","0","1","0","1","1","1","0","0","1","0","0","1"
"1056","","","1","0","2470h","0","0","0","0","1","1","1","0","0","0","1","0","0","1"
"1064","","","1","0","23F9h","1","0","0","1","1","1","1","1","1","1","0","0","0","1"
"1072","","","1","0","2387h","1","1","1","0","0","0","0","1","1","1","0","0","0","1"
"1080","","","1","0","2311h","1","0","0","0","1","0","0","0","1","1","0","0","0","1"
"1088","","","1","0","2298h","0","0","0","1","1","0","0","1","0","1","0","0","0","1"
"1096","","","1","0","2222h","0","1","0","0","0","1","0","0","0","1","0","0","0","1"
"1104","","","1","0","21AEh","0","1","1","1","0","1","0","1","1","0","0","0","0","1"
"1112","","","1","0","2137h","1","1","1","0","1","1","0","0","1","0","0","0","0","1"
"1120","","","1","0","20BDh","1","0","1","1","1","1","0","1","0","0","0","0","0","1"
"1128","","","1","0","2047h","1","1","1","0","0","0","1","0","0","0","0","0","0","1"
"1136","","","1","0","1FD2h","0","1","0","0","1","0","1","1","1","1","1","1","1","0"
"1144","","","1","0","1F5Ch","0","0","1","1","1","0","1","0","1","1","1","1","1","0"
"1152","","","1","0","1EE7h","1","1","1","0","0","1","1","1","0","1","1","1","1","0"
"1160","","","1","0","1E6Fh","1","1","1","1","0","1","1","0","0","1","1","1","1","0"
"1168","","","1","0","1DF9h","1","0","0","1","1","1","1","1","1","0","1","1","1","0"
"1176","","","1","0","1D83h","1","1","0","0","0","0","0","1","1","0","1","1","1","0"
"1184","","","1","0","1D0Eh","0","1","1","1","0","0","0","0","1","0","1","1","1","0"
"1192","","","1","0","1C94h","0","0","1","0","1","0","0","1","0","0","1","1","1","0"
"1200","","","1","0","1C20h","0","0","0","0","0","1","0","0","0","0","1","1","1","0"
"1208","","","1","0","1BAEh","0","1","1","1","0","1","0","1","1","1","0","1","1","0"
"1216","","","1","0","1B33h","1","1","0","0","1","1","0","0","1","1","0","1","1","0"
"1224","","","1","0","1AC0h","0","0","0","0","0","0","1","1","0","1","0","1","1","0"
"1232","","","1","0","1A48h","0","0","0","1","0","0","1","0","0","1","0","1","1","0"
"1240","","","1","0","19D2h","0","1","0","0","1","0","1","1","1","0","0","1","1","0"
"1248","","","1","0","195Dh","1","0","1","1","1","0","1","0","1","0","0","1","1","0"
"1256","","","1","0","18EAh","0","1","0","1","0","1","1","1","0","0","0","1","1","0"
"1264","","","1","0","1871h","1","0","0","0","1","1","1","0","0","0","0","1","1","0"
"1272","","","1","0","17FBh","1","1","0","1","1","1","1","1","1","1","1","0","1","0"
"1280","","","1","0","1784h","0","0","1","0","0","0","0","1","1","1","1","0","1","0"
"1288","","","1","0","170Ch","0","0","1","1","0","0","0","0","1","1","1","0","1","0"
"1296","","","1","0","169Bh","1","1","0","1","1","0","0","1","0","1","1","0","1","0"
"1304","","","1","0","1625h","1","0","1","0","0","1","0","0","0","1","1","0","1","0"
"1312","","","1","0","15B1h","1","0","0","0","1","1","0","1","1","0","1","0","1","0"
"1320","","","1","0","153Ah","0","1","0","1","1","1","0","0","1","0","1","0","1","0"
"1328","","","1","0","14C7h","1","1","1","0","0","0","1","1","0","0","1","0","1","0"
"1336","","","1","0","1450h","0","0","0","0","1","0","1","0","0","0","1","0","1","0"
"1344","","","1","0","13DAh","0","1","0","1","1","0","1","1","1","1","0","0","1","0"
"1352","","","1","0","1364h","0","0","1","0","0","1","1","0","1","1","0","0","1","0"
"1360","","","1","0","12EFh","1","1","1","1","0","1","1","1","0","1","0","0","1","0"
"1368","","","1","0","127Bh","1","1","0","1","1","1","1","0","0","1","0","0","1","0"
"1376","","","1","0","1202h","0","1","0","0","0","0","0","0","0","1","0","0","1","0"
"1384","","","1","0","118Dh","1","0","1","1","0","0","0","1","1","0","0","0","1","0"
"1392","","","1","0","111Ch","0","0","1","1","1","0","0","0","1","0","0","0","1","0"
"1400","","","1","0","10A3h","1","1","0","0","0","1","0","1","0","0","0","0","1","0"
"1408","","","1","0","102Dh","1","0","1","1","0","1","0","0","0","0","0","0","1","0"
"1416","","","1","0","0FB9h","1","0","0","1","1","1","0","1","1","1","1","1","0","0"
"1424","","","1","0","0F43h","1","1","0","0","0","0","1","0","1","1","1","1","0","0"
"1432","","","1","0","0ED3h","1","1","0","0","1","0","1","1","0","1","1","1","0","0"
"1440","","","1","0","0E5Ch","0","0","1","1","1","0","1","0","0","1","1","1","0","0"
"1448","","","1","0","0DE6h","0","1","1","0","0","1","1","1","1","0","1","1","0","0"
"1456","","","1","0","0D72h","0","1","0","0","1","1","1","0","1","0","1","1","0","0"
"1464","","","1","0","0CFEh","0","1","1","1","1","1","1","1","0","0","1","1","0","0"
"1472","","","1","0","0C87h","1","1","1","0","0","0","0","1","0","0","1","1","0","0"
"1480","","","1","0","0C12h","0","1","0","0","1","0","0","0","0","0","1","1","0","0"
"1488","","","1","0","0BA1h","1","0","0","0","0","1","0","1","1","1","0","1","0","0"
"1496","","","1","0","0B28h","0","0","0","1","0","1","0","0","1","1","0","1","0","0"
"1504","","","1","0","0AB4h","0","0","1","0","1","1","0","1","0","1","0","1","0","0"
"1512","","","1","0","0A3Eh","0","1","1","1","1","1","0","0","0","1","0","1","0","0"
"1520","","","1","0","09CFh","1","1","1","1","0","0","1","1","1","0","0","1","0","0"
"1528","","","1","0","095Ah","0","1","0","1","1","0","1","0","1","0","0","1","0","0"
"1536","","","1","0","08E1h","1","0","0","0","0","1","1","1","0","0","0","1","0","0"
"1544","","","1","0","0870h","0","0","0","0","1","1","1","0","0","0","0","1","0","0"
"1552","","","1","0","0800h","0","0","0","0","0","0","0","0","0","0","0","1","0","0"
"1560","","","1","0","0787h","1","1","1","0","0","0","0","1","1","1","1","0","0","0"
"1568","","","1","0","0718h","0","0","0","1","1","0","0","0","1","1","1","0","0","0"
"1576","","","1","0","06A2h","0","1","0","0","0","1","0","1","0","1","1","0","0","0"
"1584","","","1","0","062Dh","1","0","1","1","0","1","0","0","0","1","1","0","0","0"
"1592","","","1","0","05BEh","0","1","1","1","1","1","0","1","1","0","1","0","0","0"
"1600","","","1","0","0544h","0","0","1","0","0","0","1","0","1","0","1","0","0","0"
"1608","","","1","0","04D3h","1","1","0","0","1","0","1","1","0","0","1","0","0","0"
"1616","","","1","0","0465h","1","0","1","0","0","1","1","0","0","0","1","0","0","0"
"1624","","","1","0","0428h","0","0","0","1","0","1","0","0","0","0","1","0","0","0"
"1632","","","1","0","04A0h","0","0","0","0","0","1","0","1","0","0","1","0","0","0"
"1640","","","1","0","0514h","0","0","1","0","1","0","0","0","1","0","1","0","0","0"
"1648","","","1","0","0586h","0","1","1","0","0","0","0","1","1","0","1","0","0","0"
"1656","","","1","0","05F9h","1","0","0","1","1","1","1","1","1","0","1","0","0","0"
"1664","","","1","0","066Fh","1","1","1","1","0","1","1","0","0","1","1","0","0","0"
"1672","","","1","0","06E2h","0","1","0","0","0","1","1","1","0","1","1","0","0","0"
"1680","","","1","0","0757h","1","1","1","0","1","0","1","0","1","1","1","0","0","0"
"1688","","","1","0","07C6h","0","1","1","0","0","0","1","1","1","1","1","0","0","0"
"1696","","","1","0","083Bh","1","1","0","1","1","1","0","0","0","0","0","1","0","0"
"1704","","","1","0","08B1h","1","0","0","0","1","1","0","1","0","0","0","1","0","0"
"1712","","","1","0","091Fh","1","1","1","1","1","0","0","0","1","0","0","1","0","0"
"1720","","","1","0","0996h","0","1","1","0","1","0","0","1","1","0","0","1","0","0"
"1728","","","1","0","0A08h","0","0","0","1","0","0","0","0","0","1","0","1","0","0"
"1736","","","1","0","0A7Fh","1","1","1","1","1","1","1","0","0","1","0","1","0","0"
"1744","","","1","0","0AEFh","1","1","1","1","0","1","1","1","0","1","0","1","0","0"
"1752","","","1","0","0B67h","1","1","1","0","0","1","1","0","1","1","0","1","0","0"
"1760","","","1","0","0BDFh","1","1","1","1","1","0","1","1","1","1","0","1","0","0"
"1768","","","1","0","0C4Fh","1","1","1","1","0","0","1","0","0","0","1","1","0","0"
"1776","","","1","0","0CC4h","0","0","1","0","0","0","1","1","0","0","1","1","0","0"
"1784","","","1","0","0D38h","0","0","0","1","1","1","0","0","1","0","1","1","0","0"
"1792","","","1","0","0DACh","0","0","1","1","0","1","0","1","1","0","1","1","0","0"
"1800","","","1","0","0E22h","0","1","0","0","0","1","0","0","0","1","1","1","0","0"
"1808","","","1","0","0E95h","1","0","1","0","1","0","0","1","0","1","1","1","0","0"
"1816","","","1","0","0F10h","0","0","0","0","1","0","0","0","1","1","1","1","0","0"
"1824","","","1","0","0F84h","0","0","1","0","0","0","0","1","1","1","1","1","0","0"
"1832","","","1","0","0FFBh","1","1","0","1","1","1","1","1","1","1","1","1","0","0"
"1840","","","1","0","106Ch","0","0","1","1","0","1","1","0","0","0","0","0","1","0"
"1848","","","1","0","10E5h","1","0","1","0","0","1","1","1","0","0","0","0","1","0"
"1856","","","1","0","115Ch","0","0","1","1","1","0","1","0","1","0","0","0","1","0"
"1864","","","1","0","11CDh","1","0","1","1","0","0","1","1","1","0","0","0","1","0"
"1872","","","1","0","1243h","1","1","0","0","0","0","1","0","0","1","0","0","1","0"
"1880","","","1","0","12B8h","0","0","0","1","1","1","0","1","0","1","0","0","1","0"
"1888","","","1","0","1330h","0","0","0","0","1","1","0","0","1","1","0","0","1","0"
"1896","","","1","0","13A5h","1","0","1","0","0","1","0","1","1","1","0","0","1","0"
"1904","","","1","0","1418h","0","0","0","1","1","0","0","0","0","0","1","0","1","0"
"1912","","","1","0","148Fh","1","1","1","1","0","0","0","1","0","0","1","0","1","0"
"1920","","","1","0","1504h","0","0","1","0","0","0","0","0","1","0","1","0","1","0"
"1928","","","1","0","1575h","1","0","1","0","1","1","1","0","1","0","1","0","1","0"
"1936","","","1","0","15EFh","1","1","1","1","0","1","1","1","1","0","1","0","1","0"
"1944","","","1","0","1662h","0","1","0","0","0","1","1","0","0","1","1","0","1","0"
"1952","","","1","0","16D8h","0","0","0","1","1","0","1","1","0","1","1","0","1","0"
"1960","","","1","0","1750h","0","0","0","0","1","0","1","0","1","1","1","0","1","0"
"1968","","","1","0","17C4h","0","0","1","0","0","0","1","1","1","1","1","0","1","0"
"1976","","","1","0","183Fh","1","1","1","1","1","1","0","0","0","0","0","1","1","0"
"1984","","","1","0","18AFh","1","1","1","1","0","1","0","1","0","0","0","1","1","0"
"1992","","","1","0","1924h","0","0","1","0","0","1","0","0","1","0","0","1","1","0"
"2000","","","1","0","199Eh","0","1","1","1","1","0","0","1","1","0","0","1","1","0"
"2008","","","1","0","1A14h","0","0","1","0","1","0","0","0","0","1","0","1","1","0"
"2016","","","1","0","1A89h","1","0","0","1","0","0","0","1","0","1","0","1","1","0"
"2024","","","1","0","1AFFh","1","1","1","1","1","1","1","1","0","1","0","1","1","0"
"2032","","","1","0","1B74h","0","0","1","0","1","1","1","0","1","1","0","1","1","0"
"2040","","","1","0","1BEBh","1","1","0","1","0","1","1","1","1","1","0","1","1","0"
"2048","","","1","0","1C62h","0","1","0","0","0","1","1","0","0","0","1","1","1","0"
"2056","","","1","0","1CD5h","1","0","1","0","1","0","1","1","0","0","1","1","1","0"
"2064","","","1","0","1D4Eh","0","1","1","1","0","0","1","0","1","0","1","1","1","0"
"2072","","","1","0","1DC6h","0","1","1","0","0","0","1","1","1","0","1","1","1","0"
"2080","","","1","0","1E39h","1","0","0","1","1","1","0","0","0","1","1","1","1","0"
"2088","","","1","0","1EB1h","1","0","0","0","1","1","0","1","0","1","1","1","1","0"
"2096","","","1","0","1F25h","1","0","1","0","0","1","0","0","1","1","1","1","1","0"
"2104","","","1","0","1FA0h","0","0","0","0","0","1","0","1","1","1","1","1","1","0"
"2112","","","1","0","2010h","0","0","0","0","1","0","0","0","0","0","0","0","0","1"
"2120","","","1","0","208Bh","1","1","0","1","0","0","0","1","0","0","0","0","0","1"
"2128","","","1","0","2104h","0","0","1","0","0","0","0","0","1","0","0","0","0","1"
"2136","","","1","0","217Dh","1","0","1","1","1","1","1","0","1","0","0","0","0","1"
"2144","","","1","0","21F1h","1","0","0","0","1","1","1","1","1","0","0","0","0","1"
"2152","","","1","0","2268h","0","0","0","1","0","1","1","0","0","1","0","0","0","1"
"2160","","","1","0","22DCh","0","0","1","1","1","0","1","1","0","1","0","0","0","1"
"2168","","","1","0","2352h","0","1","0","0","1","0","1","0","1","1","0","0","0","1"
"2176","","","1","0","23CAh","0","1","0","1","0","0","1","1","1","1","0","0","0","1"
"2184","","","1","0","2443h","1","1","0","0","0","0","1","0","0","0","1","0","0","1"
"2192","","","1","0","24BBh","1","1","0","1","1","1","0","1","0","0","1","0","0","1"
"2200","","","1","0","2530h","0","0","0","0","1","1","0","0","1","0","1","0","0","1"
"2208","","","1","0","25A3h","1","1","0","0","0","1","0","1","1","0","1","0","0","1"
"2216","","","1","0","261Fh","1","1","1","1","1","0","0","0","0","1","1","0","0","1"
"2224","","","1","0","2695h","1","0","1","0","1","0","0","1","0","1","1","0","0","1"
"2232","","","1","0","270Ah","0","1","0","1","0","0","0","0","1","1","1","0","0","1"
"2240","","","1","0","277Eh","0","1","1","1","1","1","1","0","1","1","1","0","0","1"
"2248","","","1","0","27F5h","1","0","1","0","1","1","1","1","1","1","1","0","0","1"
"2256","","","1","0","2868h","0","0","0","1","0","1","1","0","0","0","0","1","0","1"
"2264","","","1","0","28E0h","0","0","0","0","0","1","1","1","0","0","0","1","0","1"
"2272","","","1","0","2956h","0","1","1","0","1","0","1","0","1","0","0","1","0","1"
"2280","","","1","0","29D0h","0","0","0","0","1","0","1","1","1","0","0","1","0","1"
"2288","","","1","0","2A45h","1","0","1","0","0","0","1","0","0","1","0","1","0","1"
"2296","","","1","0","2AB9h","1","0","0","1","1","1","0","1","0","1","0","1","0","1"
"2304","","","1","0","2B30h","0","0","0","0","1","1","0","0","1","1","0","1","0","1"
"2312","","","1","0","2BAAh","0","1","0","1","0","1","0","1","1","1","0","1","0","1"
"2320","","","1","0","2C1Dh","1","0","1","1","1","0","0","0","0","0","1","1","0","1"
"2328","","","1","0","2C93h","1","1","0","0","1","0","0","1","0","0","1","1","0","1"
"2336","","","1","0","2D06h","0","1","1","0","0","0","0","0","1","0","1","1","0","1"
"2344","","","1","0","2D7Eh","0","1","1","1","1","1","1","0","1","0","1","1","0","1"
"2352","","","1","0","2DF1h","1","0","0","0","1","1","1","1","1","0","1","1","0","1"
"2360","","","1","0","2E69h","1","0","0","1","0","1","1","0","0","1","1","1","0","1"
"2368","","","1","0","2EDAh","0","1","0","1","1","0","1","1","0","1","1","1","0","1"
"2376","","","1","0","2F5Bh","1","1","0","1","1","0","1","0","1","1","1","1","0","1"
"2384","","","1","0","2FCAh","0","1","0","1","0","0","1","1","1","1","1","1","0","1"
"2392","","","1","0","303Fh","1","1","1","1","1","1","0","0","0","0","0","0","1","1"
"2400","","","1","0","30B5h","1","0","1","0","1","1","0","1","0","0","0","0","1","1"
"2408","","","1","0","312Ch","0","0","1","1","0","1","0","0","1","0","0","0","1","1"
"2416","","","1","0","31A4h","0","0","1","0","0","1","0","1","1","0","0","0","1","1"
"2424","","","1","0","3216h","0","1","1","0","1","0","0","0","0","1","0","0","1","1"
"2432","","","1","0","328Fh","1","1","1","1","0","0","0","1","0","1","0","0","1","1"
"2440","","","1","0","3302h","0","1","0","0","0","0","0","0","1","1","0","0","1","1"
"2448","","","1","0","337Ah","0","1","0","1","1","1","1","0","1","1","0","0","1","1"
"2456","","","1","0","33ECh","0","0","1","1","0","1","1","1","1","1","0","0","1","1"
"2464","","","1","0","3465h","1","0","1","0","0","1","1","0","0","0","1","0","1","1"
"2472","","","1","0","34DAh","0","1","0","1","1","0","1","1","0","0","1","0","1","1"
"2480","","","1","0","3551h","1","0","0","0","1","0","1","0","1","0","1","0","1","1"
"2488","","","1","0","35C6h","0","1","1","0","0","0","1","1","1","0","1","0","1","1"
"2496","","","1","0","3638h","0","0","0","1","1","1","0","0","0","1","1","0","1","1"
"2504","","","1","0","36B5h","1","0","1","0","1","1","0","1","0","1","1","0","1","1"
"2512","","","1","0","3729h","1","0","0","1","0","1","0","0","1","1","1","0","1","1"
"2520","","","1","0","3799h","1","0","0","1","1","0","0","1","1","1","1","0","1","1"
"2528","","","1","0","3811h","1","0","0","0","1","0","0","0","0","0","0","1","1","1"
"2536","","","1","0","3887h","1","1","1","0","0","0","0","1","0","0","0","1","1","1"
"2544","","","1","0","38FEh","0","1","1","1","1","1","1","1","0","0","0","1","1","1"
"2552","","","1","0","396Eh","0","1","1","1","0","1","1","0","1","0","0","1","1","1"
"2560","","","1","0","39E7h","1","1","1","0","0","1","1","1","1","0","0","1","1","1"
"2568","","","1","0","3A5Ch","0","0","1","1","1","0","1","0","0","1","0","1","1","1"
"2576","","","1","0","3AD1h","1","0","0","0","1","0","1","1","0","1","0","1","1","1"
"2584","","","1","0","3B45h","1","0","1","0","0","0","1","0","1","1","0","1","1","1"
"2592","","","1","0","3BB8h","0","0","0","1","1","1","0","1","1","1","0","1","1","1"
"2600","","","1","0","3C2Ch","0","0","1","1","0","1","0","0","0","0","1","1","1","1"
"2608","","","1","0","3CA7h","1","1","1","0","0","1","0","1","0","0","1","1","1","1"
"2616","","","1","0","3D16h","0","1","1","0","1","0","0","0","1","0","1","1","1","1"
"2624","","","1","0","3D57h","1","1","1","0","1","0","1","0","1","0","1","1","1","1"
"2632","","","1","0","3CD7h","1","1","1","0","1","0","1","1","0","0","1","1","1","1"
"2640","","","1","0","3C63h","1","1","0","0","0","1","1","0","0","0","1","1","1","1"
"2648","","","1","0","3BF0h","0","0","0","0","1","1","1","1","1","1","0","1","1","1"
"2656","","","1","0","3B7Ch","0","0","1","1","1","1","1","0","1","1","0","1","1","1"
"2664","","","1","0","3B07h","1","1","1","0","0","0","0","0","1","1","0","1","1","1"
"2672","","","1","0","3A90h","0","0","0","0","1","0","0","1","0","1","0","1","1","1"
"2680","","","1","0","3A1Fh","1","1","1","1","1","0","0","0","0","1","0","1","1","1"
"2688","","","1","0","39ACh","0","0","1","1","0","1","0","1","1","0","0","1","1","1"
"2696","","","1","0","3935h","1","0","1","0","1","1","0","0","1","0","0","1","1","1"
"2704","","","1","0","38BEh","0","1","1","1","1","1","0","1","0","0","0","1","1","1"
"2712","","","1","0","384Dh","1","0","1","1","0","0","1","0","0","0","0","1","1","1"
"2720","","","1","0","37D6h","0","1","1","0","1","0","1","1","1","1","1","0","1","1"
"2728","","","1","0","3760h","0","0","0","0","0","1","1","0","1","1","1","0","1","1"
"2736","","","1","0","36E8h","0","0","0","1","0","1","1","1","0","1","1","0","1","1"
"2744","","","1","0","3675h","1","0","1","0","1","1","1","0","0","1","1","0","1","1"
"2752","","","1","0","35FFh","1","1","1","1","1","1","1","1","1","0","1","0","1","1"
"2760","","","1","0","3586h","0","1","1","0","0","0","0","1","1","0","1","0","1","1"
"2768","","","1","0","3513h","1","1","0","0","1","0","0","0","1","0","1","0","1","1"
"2776","","","1","0","349Ah","0","1","0","1","1","0","0","1","0","0","1","0","1","1"
"2784","","","1","0","3426h","0","1","1","0","0","1","0","0","0","0","1","0","1","1"
"2792","","","1","0","33B1h","1","0","0","0","1","1","0","1","1","1","0","0","1","1"
"2800","","","1","0","3339h","1","0","0","1","1","1","0","0","1","1","0","0","1","1"
"2808","","","1","0","32CAh","0","1","0","1","0","0","1","1","0","1","0","0","1","1"
"2816","","","1","0","324Fh","1","1","1","1","0","0","1","0","0","1","0","0","1","1"
"2824","","","1","0","31D8h","0","0","0","1","1","0","1","1","1","0","0","0","1","1"
"2832","","","1","0","3164h","0","0","1","0","0","1","1","0","1","0","0","0","1","1"
"2840","","","1","0","30EDh","1","0","1","1","0","1","1","1","0","0","0","0","1","1"
"2848","","","1","0","3077h","1","1","1","0","1","1","1","0","0","0","0","0","1","1"
"2856","","","1","0","2FFEh","0","1","1","1","1","1","1","1","1","1","1","1","0","1"
"2864","","","1","0","2F88h","0","0","0","1","0","0","0","1","1","1","1","1","0","1"
"2872","","","1","0","2F18h","0","0","0","1","1","0","0","0","1","1","1","1","0","1"
"2880","","","1","0","2E9Ah","0","1","0","1","1","0","0","1","0","1","1","1","0","1"
"2888","","","1","0","2E24h","0","0","1","0","0","1","0","0","0","1","1","1","0","1"
"2896","","","1","0","2DAFh","1","1","1","1","0","1","0","1","1","0","1","1","0","1"
"2904","","","1","0","2D37h","1","1","1","0","1","1","0","0","1","0","1","1","0","1"
"2912","","","1","0","2CC8h","0","0","0","1","0","0","1","1","0","0","1","1","0","1"
"2920","","","1","0","2C4Eh","0","1","1","1","0","0","1","0","0","0","1","1","0","1"
"2928","","","1","0","2BD9h","1","0","0","1","1","0","1","1","1","1","0","1","0","1"
"2936","","","1","0","2B60h","0","0","0","0","0","1","1","0","1","1","0","1","0","1"
"2944","","","1","0","2AEDh","1","0","1","1","0","1","1","1","0","1","0","1","0","1"
"2952","","","1","0","2A77h","1","1","1","0","1","1","1","0","0","1","0","1","0","1"
"2960","","","1","0","29F9h","1","0","0","1","1","1","1","1","1","0","0","1","0","1"
"2968","","","1","0","2988h","0","0","0","1","0","0","0","1","1","0","0","1","0","1"
"2976","","","1","0","2913h","1","1","0","0","1","0","0","0","1","0","0","1","0","1"
"2984","","","1","0","289Dh","1","0","1","1","1","0","0","1","0","0","0","1","0","1"
"2992","","","1","0","2826h","0","1","1","0","0","1","0","0","0","0","0","1","0","1"
"3000","","","1","0","27B1h","1","0","0","0","1","1","0","1","1","1","1","0","0","1"
"3008","","","1","0","2740h","0","0","0","0","0","0","1","0","1","1","1","0","0","1"
"3016","","","1","0","26C5h","1","0","1","0","0","0","1","1","0","1","1","0","0","1"
"3024","","","1","0","264Dh","1","0","1","1","0","0","1","0","0","1","1","0","0","1"
"3032","","","1","0","25D7h","1","1","1","0","1","0","1","1","1","0","1","0","0","1"
"3040","","","1","0","255Eh","0","1","1","1","1","0","1","0","1","0","1","0","0","1"
"3048","","","1","0","24E7h","1","1","1","0","0","1","1","1","0","0","1","0","0","1"
"3056","","","1","0","2474h","0","0","1","0","1","1","1","0","0","0","1","0","0","1"
"3064","","","1","0","23FEh","0","1","1","1","1","1","1","1","1","1","0","0","0","1"
"3072","","","1","0","238Bh","1","1","0","1","0","0","0","1","1","1","0","0","0","1"
"3080","","","1","0","230Eh","0","1","1","1","0","0","0","0","1","1","0","0","0","1"
"3088","","","1","0","2298h","0","0","0","1","1","0","0","1","0","1","0","0","0","1"
"3096","","","1","0","2222h","0","1","0","0","0","1","0","0","0","1","0","0","0","1"
"3104","","","1","0","21AFh","1","1","1","1","0","1","0","1","1","0","0","0","0","1"
"3112","","","1","0","2136h","0","1","1","0","1","1","0","0","1","0","0","0","0","1"
"3120","","","1","0","20C0h","0","0","0","0","0","0","1","1","0","0","0","0","0","1"
"3128","","","1","0","204Bh","1","1","0","1","0","0","1","0","0","0","0","0","0","1"
"3136","","","1","0","1FD4h","0","0","1","0","1","0","1","1","1","1","1","1","1","0"
"3144","","","1","0","1F5Ch","0","0","1","1","1","0","1","0","1","1","1","1","1","0"
"3152","","","1","0","1EE6h","0","1","1","0","0","1","1","1","0","1","1","1","1","0"
"3160","","","1","0","1E71h","1","0","0","0","1","1","1","0","0","1","1","1","1","0"
"3168","","","1","0","1DFAh","0","1","0","1","1","1","1","1","1","0","1","1","1","0"
"3176","","","1","0","1D84h","0","0","1","0","0","0","0","1","1","0","1","1","1","0"
"3184","","","1","0","1D0Ch","0","0","1","1","0","0","0","0","1","0","1","1","1","0"
"3192","","","1","0","1C98h","0","0","0","1","1","0","0","1","0","0","1","1","1","0"
"3200","","","1","0","1C1Fh","1","1","1","1","1","0","0","0","0","0","1","1","1","0"
"3208","","","1","0","1BAAh","0","1","0","1","0","1","0","1","1","1","0","1","1","0"
"3216","","","1","0","1B34h","0","0","1","0","1","1","0","0","1","1","0","1","1","0"
"3224","","","1","0","1ABAh","0","1","0","1","1","1","0","1","0","1","0","1","1","0"
"3232","","","1","0","1A48h","0","0","0","1","0","0","1","0","0","1","0","1","1","0"
"3240","","","1","0","19D2h","0","1","0","0","1","0","1","1","1","0","0","1","1","0"
"3248","","","1","0","195Dh","1","0","1","1","1","0","1","0","1","0","0","1","1","0"
"3256","","","1","0","18EAh","0","1","0","1","0","1","1","1","0","0","0","1","1","0"
"3264","","","1","0","1871h","1","0","0","0","1","1","1","0","0","0","0","1","1","0"
"3272","","","1","0","17FBh","1","1","0","1","1","1","1","1","1","1","1","0","1","0"
"3280","","","1","0","1780h","0","0","0","0","0","0","0","1","1","1","1","0","1","0"
"3288","","","1","0","1708h","0","0","0","1","0","0","0","0","1","1","1","0","1","0"
"3296","","","1","0","1699h","1","0","0","1","1","0","0","1","0","1","1","0","1","0"
"3304","","","1","0","1625h","1","0","1","0","0","1","0","0","0","1","1","0","1","0"
"3312","","","1","0","15AFh","1","1","1","1","0","1","0","1","1","0","1","0","1","0"
"3320","","","1","0","1539h","1","0","0","1","1","1","0","0","1","0","1","0","1","0"
"3328","","","1","0","14C1h","1","0","0","0","0","0","1","1","0","0","1","0","1","0"
"3336","","","1","0","144Dh","1","0","1","1","0","0","1","0","0","0","1","0","1","0"
"3344","","","1","0","13D4h","0","0","1","0","1","0","1","1","1","1","0","0","1","0"
"3352","","","1","0","1360h","0","0","0","0","0","1","1","0","1","1","0","0","1","0"
"3360","","","1","0","12F1h","1","0","0","0","1","1","1","1","0","1","0","0","1","0"
"3368","","","1","0","1279h","1","0","0","1","1","1","1","0","0","1","0","0","1","0"
"3376","","","1","0","1204h","0","0","1","0","0","0","0","0","0","1","0","0","1","0"
"3384","","","1","0","118Eh","0","1","1","1","0","0","0","1","1","0","0","0","1","0"
"3392","","","1","0","111Ch","0","0","1","1","1","0","0","0","1","0","0","0","1","0"
"3400","","","1","0","10A5h","1","0","1","0","0","1","0","1","0","0","0","0","1","0"
"3408","","","1","0","102Dh","1","0","1","1","0","1","0","0","0","0","0","0","1","0"
"3416","","","1","0","0FB6h","0","1","1","0","1","1","0","1","1","1","1","1","0","0"
"3424","","","1","0","0F46h","0","1","1","0","0","0","1","0","1","1","1","1","0","0"
"3432","","","1","0","0ECFh","1","1","1","1","0","0","1","1","0","1","1","1","0","0"
"3440","","","1","0","0E5Bh","1","1","0","1","1","0","1","0","0","1","1","1","0","0"
"3448","","","1","0","0DE8h","0","0","0","1","0","1","1","1","1","0","1","1","0","0"
"3456","","","1","0","0D76h","0","1","1","0","1","1","1","0","1","0","1","1","0","0"
"3464","","","1","0","0D01h","1","0","0","0","0","0","0","0","1","0","1","1","0","0"
"3472","","","1","0","0C89h","1","0","0","1","0","0","0","1","0","0","1","1","0","0"
"3480","","","1","0","0C12h","0","1","0","0","1","0","0","0","0","0","1","1","0","0"
"3488","","","1","0","0BA7h","1","1","1","0","0","1","0","1","1","1","0","1","0","0"
"3496","","","1","0","0B2Fh","1","1","1","1","0","1","0","0","1","1","0","1","0","0"
"3504","","","1","0","0ABDh","1","0","1","1","1","1","0","1","0","1","0","1","0","0"
"3512","","","1","0","0A44h","0","0","1","0","0","0","1","0","0","1","0","1","0","0"
"3520","","","1","0","09CEh","0","1","1","1","0","0","1","1","1","0","0","1","0","0"
"3528","","","1","0","095Bh","1","1","0","1","1","0","1","0","1","0","0","1","0","0"
"3536","","","1","0","08E8h","0","0","0","1","0","1","1","1","0","0","0","1","0","0"
"3544","","","1","0","0873h","1","1","0","0","1","1","1","0","0","0","0","1","0","0"
"3552","","","1","0","0800h","0","0","0","0","0","0","0","0","0","0","0","1","0","0"
"3560","","","1","0","078Eh","0","1","1","1","0","0","0","1","1","1","1","0","0","0"
"3568","","","1","0","0714h","0","0","1","0","1","0","0","0","1","1","1","0","0","0"
"3576","","","1","0","06A0h","0","0","0","0","0","1","0","1","0","1","1","0","0","0"
"3584","","","1","0","062Dh","1","0","1","1","0","1","0","0","0","1","1","0","0","0"
"3592","","","1","0","05BCh","0","0","1","1","1","1","0","1","1","0","1","0","0","0"
"3600","","","1","0","0549h","1","0","0","1","0","0","1","0","1","0","1","0","0","0"
"3608","","","1","0","04D5h","1","0","1","0","1","0","1","1","0","0","1","0","0","0"
"3616","","","1","0","0464h","0","0","1","0","0","1","1","0","0","0","1","0","0","0"
"3624","","","1","0","0427h","1","1","1","0","0","1","0","0","0","0","1","0","0","0"
"3632","","","1","0","049Fh","1","1","1","1","1","0","0","1","0","0","1","0","0","0"
"3640","","","1","0","0510h","0","0","0","0","1","0","0","0","1","0","1","0","0","0"
"3648","","","1","0","0584h","0","0","1","0","0","0","0","1","1","0","1","0","0","0"
"3656","","","1","0","05FBh","1","1","0","1","1","1","1","1","1","0","1","0","0","0"
"3664","","","1","0","0671h","1","0","0","0","1","1","1","0","0","1","1","0","0","0"
"3672","","","1","0","06E0h","0","0","0","0","0","1","1","1","0","1","1","0","0","0"
"3680","","","1","0","0755h","1","0","1","0","1","0","1","0","1","1","1","0","0","0"
"3688","","","1","0","07C7h","1","1","1","0","0","0","1","1","1","1","1","0","0","0"
"3696","","","1","0","083Bh","1","1","0","1","1","1","0","0","0","0","0","1","0","0"
"3704","","","1","0","08AFh","1","1","1","1","0","1","0","1","0","0","0","1","0","0"
"3712","","","1","0","091Dh","1","0","1","1","1","0","0","0","1","0","0","1","0","0"
"3720","","","1","0","0996h","0","1","1","0","1","0","0","1","1","0","0","1","0","0"
"3728","","","1","0","0A0Bh","1","1","0","1","0","0","0","0","0","1","0","1","0","0"
"3736","","","1","0","0A7Ch","0","0","1","1","1","1","1","0","0","1","0","1","0","0"
"3744","","","1","0","0AEFh","1","1","1","1","0","1","1","1","0","1","0","1","0","0"
"3752","","","1","0","0B66h","0","1","1","0","0","1","1","0","1","1","0","1","0","0"
"3760","","","1","0","0BDAh","0","1","0","1","1","0","1","1","1","1","0","1","0","0"
"3768","","","1","0","0C4Ch","0","0","1","1","0","0","1","0","0","0","1","1","0","0"
"3776","","","1","0","0CC1h","1","0","0","0","0","0","1","1","0","0","1","1","0","0"
"3784","","","1","0","0D38h","0","0","0","1","1","1","0","0","1","0","1","1","0","0"
"3792","","","1","0","0DB0h","0","0","0","0","1","1","0","1","1","0","1","1","0","0"
"3800","","","1","0","0E21h","1","0","0","0","0","1","0","0","0","1","1","1","0","0"
"3808","","","1","0","0E9Ch","0","0","1","1","1","0","0","1","0","1","1","1","0","0"
"3816","","","1","0","0F0Dh","1","0","1","1","0","0","0","0","1","1","1","1","0","0"
"3824","","","1","0","0F85h","1","0","1","0","0","0","0","1","1","1","1","1","0","0"
"3832","","","1","0","0FFAh","0","1","0","1","1","1","1","1","1","1","1","1","0","0"
"3840","","","1","0","1070h","0","0","0","0","1","1","1","0","0","0","0","0","1","0"
"3848","","","1","0","10E2h","0","1","0","0","0","1","1","1","0","0","0","0","1","0"
"3856","","","1","0","1157h","1","1","1","0","1","0","1","0","1","0","0","0","1","0"
"3864","","","1","0","11D2h","0","1","0","0","1","0","1","1","1","0","0","0","1","0"
"3872","","","1","0","1245h","1","0","1","0","0","0","1","0","0","1","0","0","1","0"
"3880","","","1","0","12BDh","1","0","1","1","1","1","0","1","0","1","0","0","1","0"
"3888","","","1","0","1330h","0","0","0","0","1","1","0","0","1","1","0","0","1","0"
"3896","","","1","0","13A2h","0","1","0","0","0","1","0","1","1","1","0","0","1","0"
"3904","","","1","0","1419h","1","0","0","1","1","0","0","0","0","0","1","0","1","0"
"3912","","","1","0","1491h","1","0","0","0","1","0","0","1","0","0","1","0","1","0"
"3920","","","1","0","1507h","1","1","1","0","0","0","0","0","1","0","1","0","1","0"
"3928","","","1","0","157Dh","1","0","1","1","1","1","1","0","1","0","1","0","1","0"
"3936","","","1","0","15F1h","1","0","0","0","1","1","1","1","1","0","1","0","1","0"
"3944","","","1","0","1668h","0","0","0","1","0","1","1","0","0","1","1","0","1","0"
"3952","","","1","0","16D7h","1","1","1","0","1","0","1","1","0","1","1","0","1","0"
"3960","","","1","0","1750h","0","0","0","0","1","0","1","0","1","1","1","0","1","0"
"3968","","","1","0","17C5h","1","0","1","0","0","0","1","1","1","1","1","0","1","0"
"3976","","","1","0","183Ch","0","0","1","1","1","1","0","0","0","0","0","1","1","0"
"3984","","","1","0","18B5h","1","0","1","0","1","1","0","1","0","0","0","1","1","0"
"3992","","","1","0","1927h","1","1","1","0","0","1","0","0","1","0","0","1","1","0"
"4000","","","1","0","19A1h","1","0","0","0","0","1","0","1","1","0","0","1","1","0"
"4008","","","1","0","1A13h","1","1","0","0","1","0","0","0","0","1","0","1","1","0"
"4016","","","1","0","1A85h","1","0","1","0","0","0","0","1","0","1","0","1","1","0"
"4024","","","1","0","1AFFh","1","1","1","1","1","1","1","1","0","1","0","1","1","0"
"4032","","","1","0","1B76h","0","1","1","0","1","1","1","0","1","1","0","1","1","0"
"4040","","","1","0","1BE9h","1","0","0","1","0","1","1","1","1","1","0","1","1","0"
"4048","","","1","0","1C61h","1","0","0","0","0","1","1","0","0","0","1","1","1","0"
"4056","","","1","0","1CD7h","1","1","1","0","1","0","1","1","0","0","1","1","1","0"
"4064","","","1","0","1D4Eh","0","1","1","1","0","0","1","0","1","0","1","1","1","0"
"4072","","","1","0","1DC5h","1","0","1","0","0","0","1","1","1","0","1","1","1","0"
"4080","","","1","0","1E38h","0","0","0","1","1","1","0","0","0","1","1","1","1","0"
"4088","","","1","0","1EADh","1","0","1","1","0","1","0","1","0","1","1","1","1","0"
"4096","","","1","0","1F28h","0","0","0","1","0","1","0","0","1","1","1","1","1","0"
"4104","","","1","0","1F9Fh","1","1","1","1","1","0","0","1","1","1","1","1","1","0"
"4112","","","1","0","2013h","1","1","0","0","1","0","0","0","0","0","0","0","0","1"
"4120","","","1","0","208Bh","1","1","0","1","0","0","0","1","0","0","0","0","0","1"
"4128","","","1","0","2103h","1","1","0","0","0","0","0","0","1","0","0","0","0","1"
"4136","","","1","0","2179h","1","0","0","1","1","1","1","0","1","0","0","0","0","1"
"4144","","","1","0","21EFh","1","1","1","1","0","1","1","1","1","0","0","0","0","1"
"4152","","","1","0","2269h","1","0","0","1","0","1","1","0","0","1","0","0","0","1"
"4160","","","1","0","22DFh","1","1","1","1","1","0","1","1","0","1","0","0","0","1"
"4168","","","1","0","2354h","0","0","1","0","1","0","1","0","1","1","0","0","0","1"
"4176","","","1","0","23C9h","1","0","0","1","0","0","1","1","1","1","0","0","0","1"
"4184","","","1","0","2442h","0","1","0","0","0","0","1","0","0","0","1","0","0","1"
"4192","","","1","0","24B8h","0","0","0","1","1","1","0","1","0","0","1","0","0","1"
"4200","","","1","0","252Dh","1","0","1","1","0","1","0","0","1","0","1","0","0","1"
"4208","","","1","0","25A7h","1","1","1","0","0","1","0","1","1","0","1","0","0","1"
"4216","","","1","0","261Ch","0","0","1","1","1","0","0","0","0","1","1","0","0","1"
"4224","","","1","0","2693h","1","1","0","0","1","0","0","1","0","1","1","0","0","1"
"4232","","","1","0","2709h","1","0","0","1","0","0","0","0","1","1","1","0","0","1"
"4240","","","1","0","277Ch","0","0","1","1","1","1","1","0","1","1","1","0","0","1"
"4248","","","1","0","27F4h","0","0","1","0","1","1","1","1","1","1","1","0","0","1"
"4256","","","1","0","286Ah","0","1","0","1","0","1","1","0","0","0","0","1","0","1"
"4264","","","1","0","28E1h","1","0","0","0","0","1","1","1","0","0","0","1","0","1"
"4272","","","1","0","2958h","0","0","0","1","1","0","1","0","1","0","0","1","0","1"
"4280","","","1","0","29CDh","1","0","1","1","0","0","1","1","1","0","0","1","0","1"
"4288","","","1","0","2A41h","1","0","0","0","0","0","1","0","0","1","0","1","0","1"
"4296","","","1","0","2ABAh","0","1","0","1","1","1","0","1","0","1","0","1","0","1"
"4304","","","1","0","2B30h","0","0","0","0","1","1","0","0","1","1","0","1","0","1"
"4312","","","1","0","2BA5h","1","0","1","0","0","1","0","1","1","1","0","1","0","1"
"4320","","","1","0","2C1Bh","1","1","0","1","1","0","0","0","0","0","1","1","0","1"
"4328","","","1","0","2C8Fh","1","1","1","1","0","0","0","1","0","0","1","1","0","1"
"4336","","","1","0","2D07h","1","1","1","0","0","0","0","0","1","0","1","1","0","1"
"4344","","","1","0","2D80h","0","0","0","0","0","0","0","1","1","0","1","1","0","1"
"4352","","","1","0","2DF5h","1","0","1","0","1","1","1","1","1","0","1","1","0","1"
"4360","","","1","0","2E69h","1","0","0","1","0","1","1","0","0","1","1","1","0","1"
"4368","","","1","0","2EDDh","1","0","1","1","1","0","1","1","0","1","1","1","0","1"
"4376","","","1","0","2F56h","0","1","1","0","1","0","1","0","1","1","1","1","0","1"
"4384","","","1","0","2FC8h","0","0","0","1","0","0","1","1","1","1","1","1","0","1"
"4392","","","1","0","3040h","0","0","0","0","0","0","1","0","0","0","0","0","1","1"
"4400","","","1","0","30B6h","0","1","1","0","1","1","0","1","0","0","0","0","1","1"
"4408","","","1","0","312Bh","1","1","0","1","0","1","0","0","1","0","0","0","1","1"
"4416","","","1","0","31A5h","1","0","1","0","0","1","0","1","1","0","0","0","1","1"
"4424","","","1","0","3219h","1","0","0","1","1","0","0","0","0","1","0","0","1","1"
"4432","","","1","0","328Ch","0","0","1","1","0","0","0","1","0","1","0","0","1","1"
"4440","","","1","0","3304h","0","0","1","0","0","0","0","0","1","1","0","0","1","1"
"4448","","","1","0","3376h","0","1","1","0","1","1","1","0","1","1","0","0","1","1"
"4456","","","1","0","33EDh","1","0","1","1","0","1","1","1","1","1","0","0","1","1"
"4464","","","1","0","3467h","1","1","1","0","0","1","1","0","0","0","1","0","1","1"
"4472","","","1","0","34DDh","1","0","1","1","1","0","1","1","0","0","1","0","1","1"
"4480","","","1","0","3553h","1","1","0","0","1","0","1","0","1","0","1","0","1","1"
"4488","","","1","0","35C6h","0","1","1","0","0","0","1","1","1","0","1","0","1","1"
"4496","","","1","0","363Bh","1","1","0","1","1","1","0","0","0","1","1","0","1","1"
"4504","","","1","0","36AFh","1","1","1","1","0","1","0","1","0","1","1","0","1","1"
"4512","","","1","0","3727h","1","1","1","0","0","1","0","0","1","1","1","0","1","1"
"4520","","","1","0","379Ah","0","1","0","1","1","0","0","1","1","1","1","0","1","1"
"4528","","","1","0","380Fh","1","1","1","1","0","0","0","0","0","0","0","1","1","1"
"4536","","","1","0","3887h","1","1","1","0","0","0","0","1","0","0","0","1","1","1"
"4544","","","1","0","38FAh","0","1","0","1","1","1","1","1","0","0","0","1","1","1"
"4552","","","1","0","396Eh","0","1","1","1","0","1","1","0","1","0","0","1","1","1"
"4560","","","1","0","39E6h","0","1","1","0","0","1","1","1","1","0","0","1","1","1"
"4568","","","1","0","3A5Ah","0","1","0","1","1","0","1","0","0","1","0","1","1","1"
"4576","","","1","0","3AD1h","1","0","0","0","1","0","1","1","0","1","0","1","1","1"
"4584","","","1","0","3B43h","1","1","0","0","0","0","1","0","1","1","0","1","1","1"
"4592","","","1","0","3BB8h","0","0","0","1","1","1","0","1","1","1","0","1","1","1"
"4600","","","1","0","3C30h","0","0","0","0","1","1","0","0","0","0","1","1","1","1"
"4608","","","1","0","3CA3h","1","1","0","0","0","1","0","1","0","0","1","1","1","1"
"4616","","","1","0","3D1Bh","1","1","0","1","1","0","0","0","1","0","1","1","1","1"
"4624","","","1","0","3D53h","1","1","0","0","1","0","1","0","1","0","1","1","1","1"
"4632","","","1","0","3CD5h","1","0","1","0","1","0","1","1","0","0","1","1","1","1"
"4640","","","1","0","3C61h","1","0","0","0","0","1","1","0","0","0","1","1","1","1"
"4648","","","1","0","3BECh","0","0","1","1","0","1","1","1","1","1","0","1","1","1"
"4656","","","1","0","3B7Eh","0","1","1","1","1","1","1","0","1","1","0","1","1","1"
"4664","","","1","0","3B08h","0","0","0","1","0","0","0","0","1","1","0","1","1","1"
"4672","","","1","0","3A92h","0","1","0","0","1","0","0","1","0","1","0","1","1","1"
"4680","","","1","0","3A1Dh","1","0","1","1","1","0","0","0","0","1","0","1","1","1"
"4688","","","1","0","39A6h","0","1","1","0","0","1","0","1","1","0","0","1","1","1"
"4696","","","1","0","392Fh","1","1","1","1","0","1","0","0","1","0","0","1","1","1"
"4704","","","1","0","38BCh","0","0","1","1","1","1","0","1","0","0","0","1","1","1"
"4712","","","1","0","3848h","0","0","0","1","0","0","1","0","0","0","0","1","1","1"
"4720","","","1","0","37D4h","0","0","1","0","1","0","1","1","1","1","1","0","1","1"
"4728","","","1","0","3762h","0","1","0","0","0","1","1","0","1","1","1","0","1","1"
"4736","","","1","0","36E9h","1","0","0","1","0","1","1","1","0","1","1","0","1","1"
"4744","","","1","0","3675h","1","0","1","0","1","1","1","0","0","1","1","0","1","1"
"4752","","","1","0","3600h","0","0","0","0","0","0","0","0","0","1","1","0","1","1"
"4760","","","1","0","358Ah","0","1","0","1","0","0","0","1","1","0","1","0","1","1"
"4768","","","1","0","3512h","0","1","0","0","1","0","0","0","1","0","1","0","1","1"
"4776","","","1","0","349Bh","1","1","0","1","1","0","0","1","0","0","1","0","1","1"
"4784","","","1","0","3429h","1","0","0","1","0","1","0","0","0","0","1","0","1","1"
"4792","","","1","0","33B0h","0","0","0","0","1","1","0","1","1","1","0","0","1","1"
"4800","","","1","0","3339h","1","0","0","1","1","1","0","0","1","1","0","0","1","1"
"4808","","","1","0","32CDh","1","0","1","1","0","0","1","1","0","1","0","0","1","1"
"4816","","","1","0","3250h","0","0","0","0","1","0","1","0","0","1","0","0","1","1"
"4824","","","1","0","31D8h","0","0","0","1","1","0","1","1","1","0","0","0","1","1"
"4832","","","1","0","3161h","1","0","0","0","0","1","1","0","1","0","0","0","1","1"
"4840","","","1","0","30EEh","0","1","1","1","0","1","1","1","0","0","0","0","1","1"
"4848","","","1","0","3076h","0","1","1","0","1","1","1","0","0","0","0","0","1","1"
"4856","","","1","0","3000h","0","0","0","0","0","0","0","0","0","0","0","0","1","1"
"4864","","","1","0","2F88h","0","0","0","1","0","0","0","1","1","1","1","1","0","1"
"4872","","","1","0","2F13h","1","1","0","0","1","0","0","0","1","1","1","1","0","1"
"4880","","","1","0","2E9Dh","1","0","1","1","1","0","0","1","0","1","1","1","0","1"
"4888","","","1","0","2E25h","1","0","1","0","0","1","0","0","0","1","1","1","0","1"
"4896","","","1","0","2DB1h","1","0","0","0","1","1","0","1","1","0","1","1","0","1"
"4904","","","1","0","2D37h","1","1","1","0","1","1","0","0","1","0","1","1","0","1"
"4912","","","1","0","2CC4h","0","0","1","0","0","0","1","1","0","0","1","1","0","1"
"4920","","","1","0","2C4Ch","0","0","1","1","0","0","1","0","0","0","1","1","0","1"
"4928","","","1","0","2BD5h","1","0","1","0","1","0","1","1","1","1","0","1","0","1"
"4936","","","1","0","2B61h","1","0","0","0","0","1","1","0","1","1","0","1","0","1"
"4944","","","1","0","2AEBh","1","1","0","1","0","1","1","1","0","1","0","1","0","1"
"4952","","","1","0","2A78h","0","0","0","1","1","1","1","0","0","1","0","1","0","1"
"4960","","","1","0","29FEh","0","1","1","1","1","1","1","1","1","0","0","1","0","1"
"4968","","","1","0","2989h","1","0","0","1","0","0","0","1","1","0","0","1","0","1"
"4976","","","1","0","2914h","0","0","1","0","1","0","0","0","1","0","0","1","0","1"
"4984","","","1","0","28A3h","1","1","0","0","0","1","0","1","0","0","0","1","0","1"
"4992","","","1","0","2829h","1","0","0","1","0","1","0","0","0","0","0","1","0","1"
"5000","","","1","0","27B0h","0","0","0","0","1","1","0","1","1","1","1","0","0","1"
"5008","","","1","0","273Eh","0","1","1","1","1","1","0","0","1","1","1","0","0","1"
"5016","","","1","0","26C4h","0","0","1","0","0","0","1","1","0","1","1","0","0","1"
"5024","","","1","0","264Ch","0","0","1","1","0","0","1","0","0","1","1","0","0","1"
"5032","","","1","0","25DBh","1","1","0","1","1","0","1","1","1","0","1","0","0","1"
"5040","","","1","0","2563h","1","1","0","0","0","1","1","0","1","0","1","0","0","1"
"5048","","","1","0","24ECh","0","0","1","1","0","1","1","1","0","0","1","0","0","1"
"5056","","","1","0","2473h","1","1","0","0","1","1","1","0","0","0","1","0","0","1"
"5064","","","1","0","23FEh","0","1","1","1","1","1","1","1","1","1","0","0","0","1"
"5072","","","1","0","2389h","1","0","0","1","0","0","0","1","1","1","0","0","0","1"
"5080","","","1","0","2312h","0","1","0","0","1","0","0","0","1","1","0","0","0","1"
"5088","","","1","0","2296h","0","1","1","0","1","0","0","1","0","1","0","0","0","1"
"5096","","","1","0","2225h","1","0","1","0","0","1","0","0","0","1","0","0","0","1"
"5104","","","1","0","21B2h","0","1","0","0","1","1","0","1","1","0","0","0","0","1"
"5112","","","1","0","213Ah","0","1","0","1","1","1","0","0","1","0","0","0","0","1"
"5120","","","1","0","20BEh","0","1","1","1","1","1","0","1","0","0","0","0","0","1"
"5128","","","1","0","204Ah","0","1","0","1","0","0","1","0","0","0","0","0","0","1"
"5136","","","1","0","1FD1h","1","0","0","0","1","0","1","1","1","1","1","1","1","0"
"5144","","","1","0","1F5Ch","0","0","1","1","1","0","1","0","1","1","1","1","1","0"
"5152","","","1","0","1EE6h","0","1","1","0","0","1","1","1","0","1","1","1","1","0"
"5160","","","1","0","1E70h","0","0","0","0","1","1","1","0","0","1","1","1","1","0"
"5168","","","1","0","1DFCh","0","0","1","1","1","1","1","1","1","0","1","1","1","0"
"5176","","","1","0","1D84h","0","0","1","0","0","0","0","1","1","0","1","1","1","0"
"5184","","","1","0","1D0Bh","1","1","0","1","0","0","0","0","1","0","1","1","1","0"
"5192","","","1","0","1C94h","0","0","1","0","1","0","0","1","0","0","1","1","1","0"
"5200","","","1","0","1C20h","0","0","0","0","0","1","0","0","0","0","1","1","1","0"
"5208","","","1","0","1BACh","0","0","1","1","0","1","0","1","1","1","0","1","1","0"
"5216","","","1","0","1B36h","0","1","1","0","1","1","0","0","1","1","0","1","1","0"
"5224","","","1","0","1AC0h","0","0","0","0","0","0","1","1","0","1","0","1","1","0"
"5232","","","1","0","1A4Ah","0","1","0","1","0","0","1","0","0","1","0","1","1","0"
"5240","","","1","0","19D4h","0","0","1","0","1","0","1","1","1","0","0","1","1","0"
"5248","","","1","0","195Eh","0","1","1","1","1","0","1","0","1","0","0","1","1","0"
"5256","","","1","0","18E4h","0","0","1","0","0","1","1","1","0","0","0","1","1","0"
"5264","","","1","0","1870h","0","0","0","0","1","1","1","0","0","0","0","1","1","0"
"5272","","","1","0","17FCh","0","0","1","1","1","1","1","1","1","1","1","0","1","0"
"5280","","","1","0","1783h","1","1","0","0","0","0","0","1","1","1","1","0","1","0"
"5288","","","1","0","1710h","0","0","0","0","1","0","0","0","1","1","1","0","1","0"
"5296","","","1","0","169Dh","1","0","1","1","1","0","0","1","0","1","1","0","1","0"
"5304","","","1","0","1628h","0","0","0","1","0","1","0","0","0","1","1","0","1","0"
"5312","","","1","0","15AFh","1","1","1","1","0","1","0","1","1","0","1","0","1","0"
"5320","","","1","0","153Ah","0","1","0","1","1","1","0","0","1","0","1","0","1","0"
"5328","","","1","0","14C4h","0","0","1","0","0","0","1","1","0","0","1","0","1","0"
"5336","","","1","0","1452h","0","1","0","0","1","0","1","0","0","0","1","0","1","0"
"5344","","","1","0","13DAh","0","1","0","1","1","0","1","1","1","1","0","0","1","0"
"5352","","","1","0","1362h","0","1","0","0","0","1","1","0","1","1","0","0","1","0"
"5360","","","1","0","12EEh","0","1","1","1","0","1","1","1","0","1","0","0","1","0"
"5368","","","1","0","127Ah","0","1","0","1","1","1","1","0","0","1","0","0","1","0"
"5376","","","1","0","1201h","1","0","0","0","0","0","0","0","0","1","0","0","1","0"
"5384","","","1","0","118Ah","0","1","0","1","0","0","0","1","1","0","0","0","1","0"
"5392","","","1","0","1118h","0","0","0","1","1","0","0","0","1","0","0","0","1","0"
"5400","","","1","0","10A5h","1","0","1","0","0","1","0","1","0","0","0","0","1","0"
"5408","","","1","0","102Eh","0","1","1","1","0","1","0","0","0","0","0","0","1","0"
"5416","","","1","0","0FB8h","0","0","0","1","1","1","0","1","1","1","1","1","0","0"
"5424","","","1","0","0F45h","1","0","1","0","0","0","1","0","1","1","1","1","0","0"
"5432","","","1","0","0ED0h","0","0","0","0","1","0","1","1","0","1","1","1","0","0"
"5440","","","1","0","0E5Bh","1","1","0","1","1","0","1","0","0","1","1","1","0","0"
"5448","","","1","0","0DE5h","1","0","1","0","0","1","1","1","1","0","1","1","0","0"
"5456","","","1","0","0D73h","1","1","0","0","1","1","1","0","1","0","1","1","0","0"
"5464","","","1","0","0D00h","0","0","0","0","0","0","0","0","1","0","1","1","0","0"
"5472","","","1","0","0C87h","1","1","1","0","0","0","0","1","0","0","1","1","0","0"
"5480","","","1","0","0C12h","0","1","0","0","1","0","0","0","0","0","1","1","0","0"
"5488","","","1","0","0B9Eh","0","1","1","1","1","0","0","1","1","1","0","1","0","0"
"5496","","","1","0","0B2Bh","1","1","0","1","0","1","0","0","1","1","0","1","0","0"
"5504","","","1","0","0AB3h","1","1","0","0","1","1","0","1","0","1","0","1","0","0"
"5512","","","1","0","0A43h","1","1","0","0","0","0","1","0","0","1","0","1","0","0"
"5520","","","1","0","09D1h","1","0","0","0","1","0","1","1","1","0","0","1","0","0"
"5528","","","1","0","095Bh","1","1","0","1","1","0","1","0","1","0","0","1","0","0"
"5536","","","1","0","08E5h","1","0","1","0","0","1","1","1","0","0","0","1","0","0"
"5544","","","1","0","086Fh","1","1","1","1","0","1","1","0","0","0","0","1","0","0"
"5552","","","1","0","07FDh","1","0","1","1","1","1","1","1","1","1","1","0","0","0"
"5560","","","1","0","0788h","0","0","0","1","0","0","0","1","1","1","1","0","0","0"
"5568","","","1","0","0716h","0","1","1","0","1","0","0","0","1","1","1","0","0","0"
"5576","","","1","0","06A0h","0","0","0","0","0","1","0","1","0","1","1","0","0","0"
"5584","","","1","0","062Fh","1","1","1","1","0","1","0","0","0","1","1","0","0","0"
"5592","","","1","0","05B7h","1","1","1","0","1","1","0","1","1","0","1","0","0","0"
"5600","","","1","0","0546h","0","1","1","0","0","0","1","0","1","0","1","0","0","0"
"5608","","","1","0","04D4h","0","0","1","0","1","0","1","1","0","0","1","0","0","0"
"5616","","","1","0","0463h","1","1","0","0","0","1","1","0","0","0","1","0","0","0"
"5624","","","1","0","0425h","1","0","1","0","0","1","0","0","0","0","1","0","0","0"
"5632","","","1","0","04A0h","0","0","0","0","0","1","0","1","0","0","1","0","0","0"
"5640","","","1","0","0511h","1","0","0","0","1","0","0","0","1","0","1","0","0","0"
"5648","","","1","0","0589h","1","0","0","1","0","0","0","1","1","0","1","0","0","0"
"5656","","","1","0","05FBh","1","1","0","1","1","1","1","1","1","0","1","0","0","0"
"5664","","","1","0","066Bh","1","1","0","1","0","1","1","0","0","1","1","0","0","0"
"5672","","","1","0","06E2h","0","1","0","0","0","1","1","1","0","1","1","0","0","0"
"5680","","","1","0","0753h","1","1","0","0","1","0","1","0","1","1","1","0","0","0"
"5688","","","1","0","07C8h","0","0","0","1","0","0","1","1","1","1","1","0","0","0"
"5696","","","1","0","083Dh","1","0","1","1","1","1","0","0","0","0","0","1","0","0"
"5704","","","1","0","08AFh","1","1","1","1","0","1","0","1","0","0","0","1","0","0"
"5712","","","1","0","0923h","1","1","0","0","0","1","0","0","1","0","0","1","0","0"
"5720","","","1","0","0996h","0","1","1","0","1","0","0","1","1","0","0","1","0","0"
"5728","","","1","0","0A0Bh","1","1","0","1","0","0","0","0","0","1","0","1","0","0"
"5736","","","1","0","0A7Bh","1","1","0","1","1","1","1","0","0","1","0","1","0","0"
"5744","","","1","0","0AF1h","1","0","0","0","1","1","1","1","0","1","0","1","0","0"
"5752","","","1","0","0B69h","1","0","0","1","0","1","1","0","1","1","0","1","0","0"
"5760","","","1","0","0BDBh","1","1","0","1","1","0","1","1","1","1","0","1","0","0"
"5768","","","1","0","0C4Fh","1","1","1","1","0","0","1","0","0","0","1","1","0","0"
"5776","","","1","0","0CC7h","1","1","1","0","0","0","1","1","0","0","1","1","0","0"
"5784","","","1","0","0D3Ah","0","1","0","1","1","1","0","0","1","0","1","1","0","0"
"5792","","","1","0","0DAEh","0","1","1","1","0","1","0","1","1","0","1","1","0","0"
"5800","","","1","0","0E21h","1","0","0","0","0","1","0","0","0","1","1","1","0","0"
"5808","","","1","0","0E98h","0","0","0","1","1","0","0","1","0","1","1","1","0","0"
"5816","","","1","0","0F0Fh","1","1","1","1","0","0","0","0","1","1","1","1","0","0"
"5824","","","1","0","0F83h","1","1","0","0","0","0","0","1","1","1","1","1","0","0"
"5832","","","1","0","0FF8h","0","0","0","1","1","1","1","1","1","1","1","1","0","0"
"5840","","","1","0","1070h","0","0","0","0","1","1","1","0","0","0","0","0","1","0"
"5848","","","1","0","10E2h","0","1","0","0","0","1","1","1","0","0","0","0","1","0"
"5856","","","1","0","1159h","1","0","0","1","1","0","1","0","1","0","0","0","1","0"
"5864","","","1","0","11CDh","1","0","1","1","0","0","1","1","1","0","0","0","1","0"
"5872","","","1","0","1241h","1","0","0","0","0","0","1","0","0","1","0","0","1","0"
"5880","","","1","0","12BBh","1","1","0","1","1","1","0","1","0","1","0","0","1","0"
"5888","","","1","0","1330h","0","0","0","0","1","1","0","0","1","1","0","0","1","0"
"5896","","","1","0","13A3h","1","1","0","0","0","1","0","1","1","1","0","0","1","0"
"5904","","","1","0","141Ah","0","1","0","1","1","0","0","0","0","0","1","0","1","0"
"5912","","","1","0","148Fh","1","1","1","1","0","0","0","1","0","0","1","0","1","0"
"5920","","","1","0","1508h","0","0","0","1","0","0","0","0","1","0","1","0","1","0"
"5928","","","1","0","1575h","1","0","1","0","1","1","1","0","1","0","1","0","1","0"
"5936","","","1","0","15EEh","0","1","1","1","0","1","1","1","1","0","1","0","1","0"
"5944","","","1","0","1663h","1","1","0","0","0","1","1","0","0","1","1","0","1","0"
"5952","","","1","0","16DAh","0","1","0","1","1","0","1","1","0","1","1","0","1","0"
"5960","","","1","0","1750h","0","0","0","0","1","0","1","0","1","1","1","0","1","0"
"5968","","","1","0","17CAh","0","1","0","1","0","0","1","1","1","1","1","0","1","0"
"5976","","","1","0","1842h","0","1","0","0","0","0","1","0","0","0","0","1","1","0"
"5984","","","1","0","18B4h","0","0","1","0","1","1","0","1","0","0","0","1","1","0"
"5992","","","1","0","1924h","0","0","1","0","0","1","0","0","1","0","0","1","1","0"
"6000","","","1","0","199Fh","1","1","1","1","1","0","0","1","1","0","0","1","1","0"
"6008","","","1","0","1A13h","1","1","0","0","1","0","0","0","0","1","0","1","1","0"
"6016","","","1","0","1A89h","1","0","0","1","0","0","0","1","0","1","0","1","1","0"
"6024","","","1","0","1B01h","1","0","0","0","0","0","0","0","1","1","0","1","1","0"
"6032","","","1","0","1B78h","0","0","0","1","1","1","1","0","1","1","0","1","1","0"
"6040","","","1","0","1BECh","0","0","1","1","0","1","1","1","1","1","0","1","1","0"
"6048","","","1","0","1C60h","0","0","0","0","0","1","1","0","0","0","1","1","1","0"
"6056","","","1","0","1CD7h","1","1","1","0","1","0","1","1","0","0","1","1","1","0"
"6064","","","1","0","1D4Eh","0","1","1","1","0","0","1","0","1","0","1","1","1","0"
"6072","","","1","0","1DC4h","0","0","1","0","0","0","1","1","1","0","1","1","1","0"
"6080","","","1","0","1E38h","0","0","0","1","1","1","0","0","0","1","1","1","1","0"
"6088","","","1","0","1EB0h","0","0","0","0","1","1","0","1","0","1","1","1","1","0"
"6096","","","1","0","1F25h","1","0","1","0","0","1","0","0","1","1","1","1","1","0"
"6104","","","1","0","1F9Ch","0","0","1","1","1","0","0","1","1","1","1","1","1","0"
"6112","","","1","0","2011h","1","0","0","0","1","0","0","0","0","0","0","0","0","1"
"6120","","","1","0","2089h","1","0","0","1","0","0","0","1","0","0","0","0","0","1"
"6128","","","1","0","2102h","0","1","0","0","0","0","0","0","1","0","0","0","0","1"
"6136","","","1","0","2178h","0","0","0","1","1","1","1","0","1","0","0","0","0","1"
"6144","","","1","0","21F0h","0","0","0","0","1","1","1","1","1","0","0","0","0","1"
"6152","","","1","0","2269h","1","0","0","1","0","1","1","0","0","1","0","0","0","1"
"6160","","","1","0","22E1h","1","0","0","0","0","1","1","1","0","1","0","0","0","1"
"6168","","","1","0","2353h","1","1","0","0","1","0","1","0","1","1","0","0","0","1"
"6176","","","1","0","23CBh","1","1","0","1","0","0","1","1","1","1","0","0","0","1"
"6184","","","1","0","2440h","0","0","0","0","0","0","1","0","0","0","1","0","0","1"
"6192","","","1","0","24BCh","0","0","1","1","1","1","0","1","0","0","1","0","0","1"
"6200","","","1","0","252Fh","1","1","1","1","0","1","0","0","1","0","1","0","0","1"
"6208","","","1","0","25A7h","1","1","1","0","0","1","0","1","1","0","1","0","0","1"
"6216","","","1","0","261Eh","0","1","1","1","1","0","0","0","0","1","1","0","0","1"
"6224","","","1","0","2694h","0","0","1","0","1","0","0","1","0","1","1","0","0","1"
"6232","","","1","0","2704h","0","0","1","0","0","0","0","0","1","1","1","0","0","1"
"6240","","","1","0","277Ah","0","1","0","1","1","1","1","0","1","1","1","0","0","1"
"6248","","","1","0","27F3h","1","1","0","0","1","1","1","1","1","1","1","0","0","1"
"6256","","","1","0","286Bh","1","1","0","1","0","1","1","0","0","0","0","1","0","1"
"6264","","","1","0","28E2h","0","1","0","0","0","1","1","1","0","0","0","1","0","1"
"6272","","","1","0","2958h","0","0","0","1","1","0","1","0","1","0","0","1","0","1"
"6280","","","1","0","29D0h","0","0","0","0","1","0","1","1","1","0","0","1","0","1"
"6288","","","1","0","2A47h","1","1","1","0","0","0","1","0","0","1","0","1","0","1"
"6296","","","1","0","2AB8h","0","0","0","1","1","1","0","1","0","1","0","1","0","1"
"6304","","","1","0","2B2Fh","1","1","1","1","0","1","0","0","1","1","0","1","0","1"
"6312","","","1","0","2BA8h","0","0","0","1","0","1","0","1","1","1","0","1","0","1"
"6320","","","1","0","2C1Ch","0","0","1","1","1","0","0","0","0","0","1","1","0","1"
"6328","","","1","0","2C94h","0","0","1","0","1","0","0","1","0","0","1","1","0","1"
"6336","","","1","0","2D05h","1","0","1","0","0","0","0","0","1","0","1","1","0","1"
"6344","","","1","0","2D80h","0","0","0","0","0","0","0","1","1","0","1","1","0","1"
"6352","","","1","0","2DF5h","1","0","1","0","1","1","1","1","1","0","1","1","0","1"
"6360","","","1","0","2E68h","0","0","0","1","0","1","1","0","0","1","1","1","0","1"
"6368","","","1","0","2EDEh","0","1","1","1","1","0","1","1","0","1","1","1","0","1"
"6376","","","1","0","2F55h","1","0","1","0","1","0","1","0","1","1","1","1","0","1"
"6384","","","1","0","2FCBh","1","1","0","1","0","0","1","1","1","1","1","1","0","1"
"6392","","","1","0","3041h","1","0","0","0","0","0","1","0","0","0","0","0","1","1"
"6400","","","1","0","30B8h","0","0","0","1","1","1","0","1","0","0","0","0","1","1"
"6408","","","1","0","312Dh","1","0","1","1","0","1","0","0","1","0","0","0","1","1"
"6416","","","1","0","31A2h","0","1","0","0","0","1","0","1","1","0","0","0","1","1"
"6424","","","1","0","3219h","1","0","0","1","1","0","0","0","0","1","0","0","1","1"
"6432","","","1","0","328Dh","1","0","1","1","0","0","0","1","0","1","0","0","1","1"
"6440","","","1","0","3306h","0","1","1","0","0","0","0","0","1","1","0","0","1","1"
"6448","","","1","0","337Bh","1","1","0","1","1","1","1","0","1","1","0","0","1","1"
"6456","","","1","0","33EFh","1","1","1","1","0","1","1","1","1","1","0","0","1","1"
"6464","","","1","0","3464h","0","0","1","0","0","1","1","0","0","0","1","0","1","1"
"6472","","","1","0","34DCh","0","0","1","1","1","0","1","1","0","0","1","0","1","1"
"6480","","","1","0","3553h","1","1","0","0","1","0","1","0","1","0","1","0","1","1"
"6488","","","1","0","35C5h","1","0","1","0","0","0","1","1","1","0","1","0","1","1"
"6496","","","1","0","3640h","0","0","0","0","0","0","1","0","0","1","1","0","1","1"
"6504","","","1","0","36B4h","0","0","1","0","1","1","0","1","0","1","1","0","1","1"
"6512","","","1","0","372Ch","0","0","1","1","0","1","0","0","1","1","1","0","1","1"
"6520","","","1","0","379Dh","1","0","1","1","1","0","0","1","1","1","1","0","1","1"
"6528","","","1","0","3810h","0","0","0","0","1","0","0","0","0","0","0","1","1","1"
"6536","","","1","0","3885h","1","0","1","0","0","0","0","1","0","0","0","1","1","1"
"6544","","","1","0","38FBh","1","1","0","1","1","1","1","1","0","0","0","1","1","1"
"6552","","","1","0","396Dh","1","0","1","1","0","1","1","0","1","0","0","1","1","1"
"6560","","","1","0","39E3h","1","1","0","0","0","1","1","1","1","0","0","1","1","1"
"6568","","","1","0","3A5Fh","1","1","1","1","1","0","1","0","0","1","0","1","1","1"
"6576","","","1","0","3AD5h","1","0","1","0","1","0","1","1","0","1","0","1","1","1"
"6584","","","1","0","3B44h","0","0","1","0","0","0","1","0","1","1","0","1","1","1"
"6592","","","1","0","3BBBh","1","1","0","1","1","1","0","1","1","1","0","1","1","1"
"6600","","","1","0","3C30h","0","0","0","0","1","1","0","0","0","0","1","1","1","1"
"6608","","","1","0","3CA3h","1","1","0","0","0","1","0","1","0","0","1","1","1","1"
"6616","","","1","0","3D17h","1","1","1","0","1","0","0","0","1","0","1","1","1","1"
"6624","","","1","0","3D52h","0","1","0","0","1","0","1","0","1","0","1","1","1","1"
"6632","","","1","0","3CDCh","0","0","1","1","1","0","1","1","0","0","1","1","1","1"
"6640","","","1","0","3C65h","1","0","1","0","0","1","1","0","0","0","1","1","1","1"
"6648","","","1","0","3BF4h","0","0","1","0","1","1","1","1","1","1","0","1","1","1"
"6656","","","1","0","3B7Bh","1","1","0","1","1","1","1","0","1","1","0","1","1","1"
"6664","","","1","0","3B05h","1","0","1","0","0","0","0","0","1","1","0","1","1","1"
"6672","","","1","0","3A92h","0","1","0","0","1","0","0","1","0","1","0","1","1","1"
"6680","","","1","0","3A20h","0","0","0","0","0","1","0","0","0","1","0","1","1","1"
"6688","","","1","0","39A8h","0","0","0","1","0","1","0","1","1","0","0","1","1","1"
"6696","","","1","0","3934h","0","0","1","0","1","1","0","0","1","0","0","1","1","1"
"6704","","","1","0","38BEh","0","1","1","1","1","1","0","1","0","0","0","1","1","1"
"6712","","","1","0","384Dh","1","0","1","1","0","0","1","0","0","0","0","1","1","1"
"6720","","","1","0","37D6h","0","1","1","0","1","0","1","1","1","1","1","0","1","1"
"6728","","","1","0","375Eh","0","1","1","1","1","0","1","0","1","1","1","0","1","1"
"6736","","","1","0","36E8h","0","0","0","1","0","1","1","1","0","1","1","0","1","1"
"6744","","","1","0","3675h","1","0","1","0","1","1","1","0","0","1","1","0","1","1"
"6752","","","1","0","35FEh","0","1","1","1","1","1","1","1","1","0","1","0","1","1"
"6760","","","1","0","3587h","1","1","1","0","0","0","0","1","1","0","1","0","1","1"
"6768","","","1","0","3510h","0","0","0","0","1","0","0","0","1","0","1","0","1","1"
"6776","","","1","0","349Eh","0","1","1","1","1","0","0","1","0","0","1","0","1","1"
"6784","","","1","0","342Bh","1","1","0","1","0","1","0","0","0","0","1","0","1","1"
"6792","","","1","0","33AFh","1","1","1","1","0","1","0","1","1","1","0","0","1","1"
"6800","","","1","0","333Ch","0","0","1","1","1","1","0","0","1","1","0","0","1","1"
"6808","","","1","0","32C8h","0","0","0","1","0","0","1","1","0","1","0","0","1","1"
"6816","","","1","0","3250h","0","0","0","0","1","0","1","0","0","1","0","0","1","1"
"6824","","","1","0","31DEh","0","1","1","1","1","0","1","1","1","0","0","0","1","1"
"6832","","","1","0","3162h","0","1","0","0","0","1","1","0","1","0","0","0","1","1"
"6840","","","1","0","30EEh","0","1","1","1","0","1","1","1","0","0","0","0","1","1"
"6848","","","1","0","3075h","1","0","1","0","1","1","1","0","0","0","0","0","1","1"
"6856","","","1","0","3000h","0","0","0","0","0","0","0","0","0","0","0","0","1","1"
"6864","","","1","0","2F84h","0","0","1","0","0","0","0","1","1","1","1","1","0","1"
"6872","","","1","0","2F12h","0","1","0","0","1","0","0","0","1","1","1","1","0","1"
"6880","","","1","0","2E9Eh","0","1","1","1","1","0","0","1","0","1","1","1","0","1"
"6888","","","1","0","2E26h","0","1","1","0","0","1","0","0","0","1","1","1","0","1"
"6896","","","1","0","2DB1h","1","0","0","0","1","1","0","1","1","0","1","1","0","1"
"6904","","","1","0","2D38h","0","0","0","1","1","1","0","0","1","0","1","1","0","1"
"6912","","","1","0","2CC6h","0","1","1","0","0","0","1","1","0","0","1","1","0","1"
"6920","","","1","0","2C4Eh","0","1","1","1","0","0","1","0","0","0","1","1","0","1"
"6928","","","1","0","2BD4h","0","0","1","0","1","0","1","1","1","1","0","1","0","1"
"6936","","","1","0","2B61h","1","0","0","0","0","1","1","0","1","1","0","1","0","1"
"6944","","","1","0","2AEBh","1","1","0","1","0","1","1","1","0","1","0","1","0","1"
"6952","","","1","0","2A78h","0","0","0","1","1","1","1","0","0","1","0","1","0","1"
"6960","","","1","0","29FEh","0","1","1","1","1","1","1","1","1","0","0","1","0","1"
"6968","","","1","0","298Ah","0","1","0","1","0","0","0","1","1","0","0","1","0","1"
"6976","","","1","0","2916h","0","1","1","0","1","0","0","0","1","0","0","1","0","1"
"6984","","","1","0","289Eh","0","1","1","1","1","0","0","1","0","0","0","1","0","1"
"6992","","","1","0","2826h","0","1","1","0","0","1","0","0","0","0","0","1","0","1"
"7000","","","1","0","27B5h","1","0","1","0","1","1","0","1","1","1","1","0","0","1"
"7008","","","1","0","2740h","0","0","0","0","0","0","1","0","1","1","1","0","0","1"
"7016","","","1","0","26C7h","1","1","1","0","0","0","1","1","0","1","1","0","0","1"
"7024","","","1","0","2650h","0","0","0","0","1","0","1","0","0","1","1","0","0","1"
"7032","","","1","0","25D9h","1","0","0","1","1","0","1","1","1","0","1","0","0","1"
"7040","","","1","0","2563h","1","1","0","0","0","1","1","0","1","0","1","0","0","1"
"7048","","","1","0","24EDh","1","0","1","1","0","1","1","1","0","0","1","0","0","1"
"7056","","","1","0","2474h","0","0","1","0","1","1","1","0","0","0","1","0","0","1"
"7064","","","1","0","2402h","0","1","0","0","0","0","0","0","0","0","1","0","0","1"
"7072","","","1","0","238Dh","1","0","1","1","0","0","0","1","1","1","0","0","0","1"
"7080","","","1","0","2314h","0","0","1","0","1","0","0","0","1","1","0","0","0","1"
"7088","","","1","0","2294h","0","0","1","0","1","0","0","1","0","1","0","0","0","1"
"7096","","","1","0","2221h","1","0","0","0","0","1","0","0","0","1","0","0","0","1"
"7104","","","1","0","21AEh","0","1","1","1","0","1","0","1","1","0","0","0","0","1"
"7112","","","1","0","2135h","1","0","1","0","1","1","0","0","1","0","0","0","0","1"
"7120","","","1","0","20C0h","0","0","0","0","0","0","1","1","0","0","0","0","0","1"
"7128","","","1","0","2049h","1","0","0","1","0","0","1","0","0","0","0","0","0","1"
"7136","","","1","0","1FD2h","0","1","0","0","1","0","1","1","1","1","1","1","1","0"
"7144","","","1","0","1F5Fh","1","1","1","1","1","0","1","0","1","1","1","1","1","0"
"7152","","","1","0","1EE4h","0","0","1","0","0","1","1","1","0","1","1","1","1","0"
"7160","","","1","0","1E6Dh","1","0","1","1","0","1","1","0","0","1","1","1","1","0"
"7168","","","1","0","1DF8h","0","0","0","1","1","1","1","1","1","0","1","1","1","0"
"7176","","","1","0","1D82h","0","1","0","0","0","0","0","1","1","0","1","1","1","0"
"7184","","","1","0","1D0Bh","1","1","0","1","0","0","0","0","1","0","1","1","1","0"
"7192","","","1","0","1C96h","0","1","1","0","1","0","0","1","0","0","1","1","1","0"
"7200","","","1","0","1C21h","1","0","0","0","0","1","0","0","0","0","1","1","1","0"
"7208","","","1","0","1BA8h","0","0","0","1","0","1","0","1","1","1","0","1","1","0"
"7216","","","1","0","1B32h","0","1","0","0","1","1","0","0","1","1","0","1","1","0"
"7224","","","1","0","1ABEh","0","1","1","1","1","1","0","1","0","1","0","1","1","0"
"7232","","","1","0","1A48h","0","0","0","1","0","0","1","0","0","1","0","1","1","0"
"7240","","","1","0","19D0h","0","0","0","0","1","0","1","1","1","0","0","1","1","0"
"7248","","","1","0","195Dh","1","0","1","1","1","0","1","0","1","0","0","1","1","0"
"7256","","","1","0","18E8h","0","0","0","1","0","1","1","1","0","0","0","1","1","0"
"7264","","","1","0","1872h","0","1","0","0","1","1","1","0","0","0","0","1","1","0"
"7272","","","1","0","17FBh","1","1","0","1","1","1","1","1","1","1","1","0","1","0"
"7280","","","1","0","1783h","1","1","0","0","0","0","0","1","1","1","1","0","1","0"
"7288","","","1","0","170Ch","0","0","1","1","0","0","0","0","1","1","1","0","1","0"
"7296","","","1","0","169Bh","1","1","0","1","1","0","0","1","0","1","1","0","1","0"
"7304","","","1","0","1626h","0","1","1","0","0","1","0","0","0","1","1","0","1","0"
"7312","","","1","0","15B0h","0","0","0","0","1","1","0","1","1","0","1","0","1","0"
"7320","","","1","0","153Ch","0","0","1","1","1","1","0","0","1","0","1","0","1","0"
"7328","","","1","0","14C4h","0","0","1","0","0","0","1","1","0","0","1","0","1","0"
"7336","","","1","0","144Eh","0","1","1","1","0","0","1","0","0","0","1","0","1","0"
"7344","","","1","0","13D5h","1","0","1","0","1","0","1","1","1","1","0","0","1","0"
"7352","","","1","0","1362h","0","1","0","0","0","1","1","0","1","1","0","0","1","0"
"7360","","","1","0","12EDh","1","0","1","1","0","1","1","1","0","1","0","0","1","0"
"7368","","","1","0","127Dh","1","0","1","1","1","1","1","0","0","1","0","0","1","0"
"7376","","","1","0","1204h","0","0","1","0","0","0","0","0","0","1","0","0","1","0"
"7384","","","1","0","1190h","0","0","0","0","1","0","0","1","1","0","0","0","1","0"
"7392","","","1","0","1117h","1","1","1","0","1","0","0","0","1","0","0","0","1","0"
"7400","","","1","0","10A1h","1","0","0","0","0","1","0","1","0","0","0","0","1","0"
"7408","","","1","0","102Dh","1","0","1","1","0","1","0","0","0","0","0","0","1","0"
"7416","","","1","0","0FB6h","0","1","1","0","1","1","0","1","1","1","1","1","0","0"
"7424","","","1","0","0F44h","0","0","1","0","0","0","1","0","1","1","1","1","0","0"
"7432","","","1","0","0ED0h","0","0","0","0","1","0","1","1","0","1","1","1","0","0"
"7440","","","1","0","0E58h","0","0","0","1","1","0","1","0","0","1","1","1","0","0"
"7448","","","1","0","0DE7h","1","1","1","0","0","1","1","1","1","0","1","1","0","0"
"7456","","","1","0","0D72h","0","1","0","0","1","1","1","0","1","0","1","1","0","0"
"7464","","","1","0","0CFBh","1","1","0","1","1","1","1","1","0","0","1","1","0","0"
"7472","","","1","0","0C86h","0","1","1","0","0","0","0","1","0","0","1","1","0","0"
"7480","","","1","0","0C10h","0","0","0","0","1","0","0","0","0","0","1","1","0","0"
"7488","","","1","0","0BA0h","0","0","0","0","0","1","0","1","1","1","0","1","0","0"
"7496","","","1","0","0B29h","1","0","0","1","0","1","0","0","1","1","0","1","0","0"
"7504","","","1","0","0AB8h","0","0","0","1","1","1","0","1","0","1","0","1","0","0"
"7512","","","1","0","0A43h","1","1","0","0","0","0","1","0","0","1","0","1","0","0"
"7520","","","1","0","09D1h","1","0","0","0","1","0","1","1","1","0","0","1","0","0"
"7528","","","1","0","095Bh","1","1","0","1","1","0","1","0","1","0","0","1","0","0"
"7536","","","1","0","08E3h","1","1","0","0","0","1","1","1","0","0","0","1","0","0"
"7544","","","1","0","086Ah","0","1","0","1","0","1","1","0","0","0","0","1","0","0"
"7552","","","1","0","07FCh","0","0","1","1","1","1","1","1","1","1","1","0","0","0"
"7560","","","1","0","078Bh","1","1","0","1","0","0","0","1","1","1","1","0","0","0"
"7568","","","1","0","070Fh","1","1","1","1","0","0","0","0","1","1","1","0","0","0"
"7576","","","1","0","069Ch","0","0","1","1","1","0","0","1","0","1","1","0","0","0"
"7584","","","1","0","062Dh","1","0","1","1","0","1","0","0","0","1","1","0","0","0"
"7592","","","1","0","05BBh","1","1","0","1","1","1","0","1","1","0","1","0","0","0"
"7600","","","1","0","0544h","0","0","1","0","0","0","1","0","1","0","1","0","0","0"
"7608","","","1","0","04D1h","1","0","0","0","1","0","1","1","0","0","1","0","0","0"
"7616","","","1","0","0461h","1","0","0","0","0","1","1","0","0","0","1","0","0","0"
"7624","","","1","0","0424h","0","0","1","0","0","1","0","0","0","0","1","0","0","0"
"7632","","","1","0","049Fh","1","1","1","1","1","0","0","1","0","0","1","0","0","0"
"7640","","","1","0","0512h","0","1","0","0","1","0","0","0","1","0","1","0","0","0"
"7648","","","1","0","0585h","1","0","1","0","0","0","0","1","1","0","1","0","0","0"
"7656","","","1","0","05FAh","0","1","0","1","1","1","1","1","1","0","1","0","0","0"
"7664","","","1","0","066Dh","1","0","1","1","0","1","1","0","0","1","1","0","0","0"
"7672","","","1","0","06E2h","0","1","0","0","0","1","1","1","0","1","1","0","0","0"
"7680","","","1","0","0752h","0","1","0","0","1","0","1","0","1","1","1","0","0","0"
"7688","","","1","0","07C6h","0","1","1","0","0","0","1","1","1","1","1","0","0","0"
"7696","","","1","0","0839h","1","0","0","1","1","1","0","0","0","0","0","1","0","0"
"7704","","","1","0","08ABh","1","1","0","1","0","1","0","1","0","0","0","1","0","0"
"7712","","","1","0","0920h","0","0","0","0","0","1","0","0","1","0","0","1","0","0"
"7720","","","1","0","0991h","1","0","0","0","1","0","0","1","1","0","0","1","0","0"
"7728","","","1","0","0A0Ch","0","0","1","1","0","0","0","0","0","1","0","1","0","0"
"7736","","","1","0","0A80h","0","0","0","0","0","0","0","1","0","1","0","1","0","0"
"7744","","","1","0","0AEFh","1","1","1","1","0","1","1","1","0","1","0","1","0","0"
"7752","","","1","0","0B68h","0","0","0","1","0","1","1","0","1","1","0","1","0","0"
"7760","","","1","0","0BDEh","0","1","1","1","1","0","1","1","1","1","0","1","0","0"
"7768","","","1","0","0C4Eh","0","1","1","1","0","0","1","0","0","0","1","1","0","0"
"7776","","","1","0","0CC5h","1","0","1","0","0","0","1","1","0","0","1","1","0","0"
"7784","","","1","0","0D3Ah","0","1","0","1","1","1","0","0","1","0","1","1","0","0"
"7792","","","1","0","0DAEh","0","1","1","1","0","1","0","1","1","0","1","1","0","0"
"7800","","","1","0","0E22h","0","1","0","0","0","1","0","0","0","1","1","1","0","0"
"7808","","","1","0","0E96h","0","1","1","0","1","0","0","1","0","1","1","1","0","0"
"7816","","","1","0","0F12h","0","1","0","0","1","0","0","0","1","1","1","1","0","0"
"7824","","","1","0","0F88h","0","0","0","1","0","0","0","1","1","1","1","1","0","0"
"7832","","","1","0","0FFBh","1","1","0","1","1","1","1","1","1","1","1","1","0","0"
"7840","","","1","0","106Ch","0","0","1","1","0","1","1","0","0","0","0","0","1","0"
"7848","","","1","0","10E5h","1","0","1","0","0","1","1","1","0","0","0","0","1","0"
"7856","","","1","0","1158h","0","0","0","1","1","0","1","0","1","0","0","0","1","0"
"7864","","","1","0","11D2h","0","1","0","0","1","0","1","1","1","0","0","0","1","0"
"7872","","","1","0","124Bh","1","1","0","1","0","0","1","0","0","1","0","0","1","0"
"7880","","","1","0","12BCh","0","0","1","1","1","1","0","1","0","1","0","0","1","0"
"7888","","","1","0","1331h","1","0","0","0","1","1","0","0","1","1","0","0","1","0"
"7896","","","1","0","13A3h","1","1","0","0","0","1","0","1","1","1","0","0","1","0"
"7904","","","1","0","1419h","1","0","0","1","1","0","0","0","0","0","1","0","1","0"
"7912","","","1","0","148Fh","1","1","1","1","0","0","0","1","0","0","1","0","1","0"
"7920","","","1","0","150Ah","0","1","0","1","0","0","0","0","1","0","1","0","1","0"
"7928","","","1","0","157Ah","0","1","0","1","1","1","1","0","1","0","1","0","1","0"
"7936","","","1","0","15F3h","1","1","0","0","1","1","1","1","1","0","1","0","1","0"
"7944","","","1","0","1668h","0","0","0","1","0","1","1","0","0","1","1","0","1","0"
"7952","","","1","0","16D9h","1","0","0","1","1","0","1","1","0","1","1","0","1","0"
"7960","","","1","0","174Fh","1","1","1","1","0","0","1","0","1","1","1","0","1","0"
"7968","","","1","0","17C8h","0","0","0","1","0","0","1","1","1","1","1","0","1","0"
"7976","","","1","0","1840h","0","0","0","0","0","0","1","0","0","0","0","1","1","0"
"7984","","","1","0","18B2h","0","1","0","0","1","1","0","1","0","0","0","1","1","0"
"7992","","","1","0","1926h","0","1","1","0","0","1","0","0","1","0","0","1","1","0"
"8000","","","1","0","199Fh","1","1","1","1","1","0","0","1","1","0","0","1","1","0"
"8008","","","1","0","1A16h","0","1","1","0","1","0","0","0","0","1","0","1","1","0"
"8016","","","1","0","1A88h","0","0","0","1","0","0","0","1","0","1","0","1","1","0"
"8024","","","1","0","1AFEh","0","1","1","1","1","1","1","1","0","1","0","1","1","0"
"8032","","","1","0","1B75h","1","0","1","0","1","1","1","0","1","1","0","1","1","0"
"8040","","","1","0","1BEDh","1","0","1","1","0","1","1","1","1","1","0","1","1","0"
"8048","","","1","0","1C63h","1","1","0","0","0","1","1","0","0","0","1","1","1","0"
"8056","","","1","0","1CD7h","1","1","1","0","1","0","1","1","0","0","1","1","1","0"
"8064","","","1","0","1D50h","0","0","0","0","1","0","1","0","1","0","1","1","1","0"
"8072","","","1","0","1DC9h","1","0","0","1","0","0","1","1","1","0","1","1","1","0"
"8080","","","1","0","1E34h","0","0","1","0","1","1","0","0","0","1","1","1","1","0"
"8088","","","1","0","1EAEh","0","1","1","1","0","1","0","1","0","1","1","1","1","0"
"8096","","","1","0","1F25h","1","0","1","0","0","1","0","0","1","1","1","1","1","0"
"8104","","","1","0","1F99h","1","0","0","1","1","0","0","1","1","1","1","1","1","0"
"8112","","","1","0","2018h","0","0","0","1","1","0","0","0","0","0","0","0","0","1"
"8120","","","1","0","208Dh","1","0","1","1","0","0","0","1","0","0","0","0","0","1"
"8128","","","1","0","2105h","1","0","1","0","0","0","0","0","1","0","0","0","0","1"
"8136","","","1","0","217Bh","1","1","0","1","1","1","1","0","1","0","0","0","0","1"
"8144","","","1","0","21EEh","0","1","1","1","0","1","1","1","1","0","0","0","0","1"
"8152","","","1","0","2269h","1","0","0","1","0","1","1","0","0","1","0","0","0","1"
"8160","","","1","0","22DCh","0","0","1","1","1","0","1","1","0","1","0","0","0","1"
"8168","","","1","0","2356h","0","1","1","0","1","0","1","0","1","1","0","0","0","1"
"8176","","","1","0","23C9h","1","0","0","1","0","0","1","1","1","1","0","0","0","1"
"8182","","","1","0","23C9h","1","0","0","1","0","0","1","1","1","1","0","0","0","1"
